originName,destinationName,dateOut,prijs,timeOut,timeArrival,flightDuration,plaatsenOver,flightKey,flightNumber
Brussels (Charleroi),Alicante,2023-04-27T00:00:00.000,None,02:25,0,FR~3534~ ~~CRL~04/27/2023 15:05~ALC~04/27/2023 17:30~~,FR 3534,2023-04-27T15:05:00.000,2023-04-27T17:30:00.000
Brussels (Charleroi),Alicante,2023-04-28T00:00:00.000,None,02:25,0,FR~3534~ ~~CRL~04/28/2023 09:45~ALC~04/28/2023 12:10~~,FR 3534,2023-04-28T09:45:00.000,2023-04-28T12:10:00.000
Brussels (Charleroi),Alicante,2023-04-28T00:00:00.000,None,02:25,0,FR~9053~ ~~CRL~04/28/2023 17:20~ALC~04/28/2023 19:45~~,FR 9053,2023-04-28T17:20:00.000,2023-04-28T19:45:00.000
Brussels (Charleroi),Alicante,2023-04-29T00:00:00.000,None,02:25,0,FR~3534~ ~~CRL~04/29/2023 15:50~ALC~04/29/2023 18:15~~,FR 3534,2023-04-29T15:50:00.000,2023-04-29T18:15:00.000
Brussels (Charleroi),Alicante,2023-04-30T00:00:00.000,398.43,02:25,1,FR~3534~ ~~CRL~04/30/2023 09:55~ALC~04/30/2023 12:20~~,FR 3534,2023-04-30T09:55:00.000,2023-04-30T12:20:00.000
Brussels (Charleroi),Alicante,2023-05-01T00:00:00.000,257.49,02:25,1,FR~3534~ ~~CRL~05/01/2023 16:55~ALC~05/01/2023 19:20~~,FR 3534,2023-05-01T16:55:00.000,2023-05-01T19:20:00.000
Brussels (Charleroi),Alicante,2023-05-02T00:00:00.000,236.59,02:25,-1,FR~3534~ ~~CRL~05/02/2023 06:30~ALC~05/02/2023 08:55~~,FR 3534,2023-05-02T06:30:00.000,2023-05-02T08:55:00.000
Brussels (Charleroi),Alicante,2023-05-02T00:00:00.000,236.59,02:25,2,FR~9053~ ~~CRL~05/02/2023 12:15~ALC~05/02/2023 14:40~~,FR 9053,2023-05-02T12:15:00.000,2023-05-02T14:40:00.000
Brussels (Charleroi),Alicante,2023-05-03T00:00:00.000,203.99,02:25,2,FR~3534~ ~~CRL~05/03/2023 10:00~ALC~05/03/2023 12:25~~,FR 3534,2023-05-03T10:00:00.000,2023-05-03T12:25:00.000
Brussels (Charleroi),Alicante,2023-05-03T00:00:00.000,152.59,02:25,4,FR~9053~ ~~CRL~05/03/2023 11:30~ALC~05/03/2023 13:55~~,FR 9053,2023-05-03T11:30:00.000,2023-05-03T13:55:00.000
Brussels (Charleroi),Alicante,2023-05-03T00:00:00.000,180.59,02:25,5,FR~6063~ ~~CRL~05/03/2023 21:55~ALC~05/04/2023 00:20~~,FR 6063,2023-05-03T21:55:00.000,2023-05-04T00:20:00.000
Brussels (Charleroi),Alicante,2023-05-04T00:00:00.000,151.74,02:25,1,FR~9053~ ~~CRL~05/04/2023 09:00~ALC~05/04/2023 11:25~~,FR 9053,2023-05-04T09:00:00.000,2023-05-04T11:25:00.000
Brussels (Charleroi),Alicante,2023-05-04T00:00:00.000,151.74,02:25,4,FR~3534~ ~~CRL~05/04/2023 15:05~ALC~05/04/2023 17:30~~,FR 3534,2023-05-04T15:05:00.000,2023-05-04T17:30:00.000
Brussels (Charleroi),Alicante,2023-05-05T00:00:00.000,180.59,02:25,-1,FR~3534~ ~~CRL~05/05/2023 09:45~ALC~05/05/2023 12:10~~,FR 3534,2023-05-05T09:45:00.000,2023-05-05T12:10:00.000
Brussels (Charleroi),Alicante,2023-05-05T00:00:00.000,206.99,02:25,-1,FR~9053~ ~~CRL~05/05/2023 17:20~ALC~05/05/2023 19:45~~,FR 9053,2023-05-05T17:20:00.000,2023-05-05T19:45:00.000
Brussels (Charleroi),Alicante,2023-05-06T00:00:00.000,126.24,02:25,2,FR~3534~ ~~CRL~05/06/2023 15:50~ALC~05/06/2023 18:15~~,FR 3534,2023-05-06T15:50:00.000,2023-05-06T18:15:00.000
Brussels (Charleroi),Alicante,2023-05-07T00:00:00.000,203.99,02:25,2,FR~3534~ ~~CRL~05/07/2023 09:55~ALC~05/07/2023 12:20~~,FR 3534,2023-05-07T09:55:00.000,2023-05-07T12:20:00.000
Brussels (Charleroi),Alicante,2023-05-07T00:00:00.000,131.49,02:25,3,FR~9053~ ~~CRL~05/07/2023 17:25~ALC~05/07/2023 19:50~~,FR 9053,2023-05-07T17:25:00.000,2023-05-07T19:50:00.000
Brussels (Charleroi),Alicante,2023-05-08T00:00:00.000,113.12,02:25,-1,FR~3534~ ~~CRL~05/08/2023 16:55~ALC~05/08/2023 19:20~~,FR 3534,2023-05-08T16:55:00.000,2023-05-08T19:20:00.000
Brussels (Charleroi),Alicante,2023-05-09T00:00:00.000,174.99,02:25,5,FR~3534~ ~~CRL~05/09/2023 06:30~ALC~05/09/2023 08:55~~,FR 3534,2023-05-09T06:30:00.000,2023-05-09T08:55:00.000
Brussels (Charleroi),Alicante,2023-05-09T00:00:00.000,133.59,02:25,1,FR~9053~ ~~CRL~05/09/2023 12:15~ALC~05/09/2023 14:40~~,FR 9053,2023-05-09T12:15:00.000,2023-05-09T14:40:00.000
Brussels (Charleroi),Alicante,2023-05-10T00:00:00.000,113.12,02:25,4,FR~3534~ ~~CRL~05/10/2023 10:00~ALC~05/10/2023 12:25~~,FR 3534,2023-05-10T10:00:00.000,2023-05-10T12:25:00.000
Brussels (Charleroi),Alicante,2023-05-10T00:00:00.000,113.99,02:25,2,FR~9053~ ~~CRL~05/10/2023 11:30~ALC~05/10/2023 13:55~~,FR 9053,2023-05-10T11:30:00.000,2023-05-10T13:55:00.000
Brussels (Charleroi),Alicante,2023-05-10T00:00:00.000,86.49,02:25,-1,FR~6063~ ~~CRL~05/10/2023 21:55~ALC~05/11/2023 00:20~~,FR 6063,2023-05-10T21:55:00.000,2023-05-11T00:20:00.000
Brussels (Charleroi),Alicante,2023-05-11T00:00:00.000,111.74,02:25,5,FR~9053~ ~~CRL~05/11/2023 09:00~ALC~05/11/2023 11:25~~,FR 9053,2023-05-11T09:00:00.000,2023-05-11T11:25:00.000
Brussels (Charleroi),Alicante,2023-05-11T00:00:00.000,111.74,02:25,5,FR~3534~ ~~CRL~05/11/2023 15:05~ALC~05/11/2023 17:30~~,FR 3534,2023-05-11T15:05:00.000,2023-05-11T17:30:00.000
Brussels (Charleroi),Alicante,2023-05-12T00:00:00.000,150.49,02:25,2,FR~3534~ ~~CRL~05/12/2023 09:45~ALC~05/12/2023 12:10~~,FR 3534,2023-05-12T09:45:00.000,2023-05-12T12:10:00.000
Brussels (Charleroi),Alicante,2023-05-12T00:00:00.000,174.74,02:25,3,FR~9053~ ~~CRL~05/12/2023 17:20~ALC~05/12/2023 19:45~~,FR 9053,2023-05-12T17:20:00.000,2023-05-12T19:45:00.000
Brussels (Charleroi),Alicante,2023-05-13T00:00:00.000,267.99,02:25,2,FR~3534~ ~~CRL~05/13/2023 15:50~ALC~05/13/2023 18:15~~,FR 3534,2023-05-13T15:50:00.000,2023-05-13T18:15:00.000
Brussels (Charleroi),Alicante,2023-05-13T00:00:00.000,128.87,02:25,1,FR~9053~ ~~CRL~05/13/2023 18:15~ALC~05/13/2023 20:40~~,FR 9053,2023-05-13T18:15:00.000,2023-05-13T20:40:00.000
Brussels (Charleroi),Alicante,2023-05-14T00:00:00.000,129.42,02:25,5,FR~3534~ ~~CRL~05/14/2023 09:55~ALC~05/14/2023 12:20~~,FR 3534,2023-05-14T09:55:00.000,2023-05-14T12:20:00.000
Brussels (Charleroi),Alicante,2023-05-14T00:00:00.000,111.74,02:25,3,FR~9053~ ~~CRL~05/14/2023 17:25~ALC~05/14/2023 19:50~~,FR 9053,2023-05-14T17:25:00.000,2023-05-14T19:50:00.000
Brussels (Charleroi),Alicante,2023-05-15T00:00:00.000,145.87,02:25,4,FR~3534~ ~~CRL~05/15/2023 16:55~ALC~05/15/2023 19:20~~,FR 3534,2023-05-15T16:55:00.000,2023-05-15T19:20:00.000
Brussels (Charleroi),Alicante,2023-05-16T00:00:00.000,132.94,02:25,5,FR~3534~ ~~CRL~05/16/2023 06:30~ALC~05/16/2023 08:55~~,FR 3534,2023-05-16T06:30:00.000,2023-05-16T08:55:00.000
Brussels (Charleroi),Alicante,2023-05-16T00:00:00.000,171.49,02:25,3,FR~9053~ ~~CRL~05/16/2023 12:15~ALC~05/16/2023 14:40~~,FR 9053,2023-05-16T12:15:00.000,2023-05-16T14:40:00.000
Brussels (Charleroi),Alicante,2023-05-17T00:00:00.000,257.49,02:25,-1,FR~3534~ ~~CRL~05/17/2023 10:00~ALC~05/17/2023 12:25~~,FR 3534,2023-05-17T10:00:00.000,2023-05-17T12:25:00.000
Brussels (Charleroi),Alicante,2023-05-17T00:00:00.000,166.49,02:25,1,FR~9053~ ~~CRL~05/17/2023 11:30~ALC~05/17/2023 13:55~~,FR 9053,2023-05-17T11:30:00.000,2023-05-17T13:55:00.000
Brussels (Charleroi),Alicante,2023-05-17T00:00:00.000,353.22,02:25,-1,FR~6063~ ~~CRL~05/17/2023 21:55~ALC~05/18/2023 00:20~~,FR 6063,2023-05-17T21:55:00.000,2023-05-18T00:20:00.000
Brussels (Charleroi),Alicante,2023-05-18T00:00:00.000,262.74,02:25,3,FR~9053~ ~~CRL~05/18/2023 09:00~ALC~05/18/2023 11:25~~,FR 9053,2023-05-18T09:00:00.000,2023-05-18T11:25:00.000
Brussels (Charleroi),Alicante,2023-05-18T00:00:00.000,185.99,02:25,1,FR~3534~ ~~CRL~05/18/2023 15:05~ALC~05/18/2023 17:30~~,FR 3534,2023-05-18T15:05:00.000,2023-05-18T17:30:00.000
Brussels (Charleroi),Alicante,2023-05-19T00:00:00.000,133.59,02:25,5,FR~3534~ ~~CRL~05/19/2023 09:45~ALC~05/19/2023 12:10~~,FR 3534,2023-05-19T09:45:00.000,2023-05-19T12:10:00.000
Brussels (Charleroi),Alicante,2023-05-19T00:00:00.000,148.39,02:25,-1,FR~9053~ ~~CRL~05/19/2023 17:20~ALC~05/19/2023 19:45~~,FR 9053,2023-05-19T17:20:00.000,2023-05-19T19:45:00.000
Brussels (Charleroi),Alicante,2023-05-20T00:00:00.000,113.12,02:25,1,FR~3534~ ~~CRL~05/20/2023 15:50~ALC~05/20/2023 18:15~~,FR 3534,2023-05-20T15:50:00.000,2023-05-20T18:15:00.000
Brussels (Charleroi),Alicante,2023-05-20T00:00:00.000,156.44,02:25,-1,FR~9053~ ~~CRL~05/20/2023 18:15~ALC~05/20/2023 20:40~~,FR 9053,2023-05-20T18:15:00.000,2023-05-20T20:40:00.000
Brussels (Charleroi),Alicante,2023-05-21T00:00:00.000,110.49,02:25,-1,FR~3534~ ~~CRL~05/21/2023 09:55~ALC~05/21/2023 12:20~~,FR 3534,2023-05-21T09:55:00.000,2023-05-21T12:20:00.000
Brussels (Charleroi),Alicante,2023-05-21T00:00:00.000,131.49,02:25,2,FR~9053~ ~~CRL~05/21/2023 15:00~ALC~05/21/2023 17:25~~,FR 9053,2023-05-21T15:00:00.000,2023-05-21T17:25:00.000
Brussels (Charleroi),Alicante,2023-05-22T00:00:00.000,115.79,02:25,3,FR~3534~ ~~CRL~05/22/2023 16:55~ALC~05/22/2023 19:20~~,FR 3534,2023-05-22T16:55:00.000,2023-05-22T19:20:00.000
Brussels (Charleroi),Alicante,2023-05-24T00:00:00.000,114.69,02:25,5,FR~3534~ ~~CRL~05/24/2023 10:00~ALC~05/24/2023 12:25~~,FR 3534,2023-05-24T10:00:00.000,2023-05-24T12:25:00.000
Brussels (Charleroi),Alicante,2023-05-24T00:00:00.000,100.59,02:25,3,FR~9053~ ~~CRL~05/24/2023 11:30~ALC~05/24/2023 13:55~~,FR 9053,2023-05-24T11:30:00.000,2023-05-24T13:55:00.000
Brussels (Charleroi),Alicante,2023-05-24T00:00:00.000,102.19,02:25,-1,FR~6063~ ~~CRL~05/24/2023 21:55~ALC~05/25/2023 00:20~~,FR 6063,2023-05-24T21:55:00.000,2023-05-25T00:20:00.000
Brussels (Charleroi),Alicante,2023-05-25T00:00:00.000,113.99,02:25,3,FR~9053~ ~~CRL~05/25/2023 09:00~ALC~05/25/2023 11:25~~,FR 9053,2023-05-25T09:00:00.000,2023-05-25T11:25:00.000
Brussels (Charleroi),Alicante,2023-05-25T00:00:00.000,128.87,02:25,-1,FR~3534~ ~~CRL~05/25/2023 15:05~ALC~05/25/2023 17:30~~,FR 3534,2023-05-25T15:05:00.000,2023-05-25T17:30:00.000
Brussels (Charleroi),Alicante,2023-05-26T00:00:00.000,174.74,02:25,2,FR~3534~ ~~CRL~05/26/2023 09:45~ALC~05/26/2023 12:10~~,FR 3534,2023-05-26T09:45:00.000,2023-05-26T12:10:00.000
Brussels (Charleroi),Alicante,2023-05-26T00:00:00.000,200.99,02:25,3,FR~9053~ ~~CRL~05/26/2023 17:20~ALC~05/26/2023 19:45~~,FR 9053,2023-05-26T17:20:00.000,2023-05-26T19:45:00.000
Brussels (Charleroi),Alicante,2023-05-28T00:00:00.000,131.49,02:25,1,FR~3534~ ~~CRL~05/28/2023 09:55~ALC~05/28/2023 12:20~~,FR 3534,2023-05-28T09:55:00.000,2023-05-28T12:20:00.000
Brussels (Charleroi),Alicante,2023-05-28T00:00:00.000,128.87,02:25,-1,FR~9053~ ~~CRL~05/28/2023 15:00~ALC~05/28/2023 17:25~~,FR 9053,2023-05-28T15:00:00.000,2023-05-28T17:25:00.000
Brussels (Charleroi),Alicante,2023-05-29T00:00:00.000,126.24,02:25,-1,FR~3534~ ~~CRL~05/29/2023 16:55~ALC~05/29/2023 19:20~~,FR 3534,2023-05-29T16:55:00.000,2023-05-29T19:20:00.000
Brussels (Charleroi),Alicante,2023-05-31T00:00:00.000,109.49,02:25,4,FR~3534~ ~~CRL~05/31/2023 10:00~ALC~05/31/2023 12:25~~,FR 3534,2023-05-31T10:00:00.000,2023-05-31T12:25:00.000
Brussels (Charleroi),Alicante,2023-05-31T00:00:00.000,111.74,02:25,-1,FR~9053~ ~~CRL~05/31/2023 11:30~ALC~05/31/2023 13:55~~,FR 9053,2023-05-31T11:30:00.000,2023-05-31T13:55:00.000
Brussels (Charleroi),Alicante,2023-05-31T00:00:00.000,89.49,02:25,-1,FR~6063~ ~~CRL~05/31/2023 21:55~ALC~06/01/2023 00:20~~,FR 6063,2023-05-31T21:55:00.000,2023-06-01T00:20:00.000
Brussels (Charleroi),Alicante,2023-06-01T00:00:00.000,128.87,02:25,4,FR~9053~ ~~CRL~06/01/2023 09:00~ALC~06/01/2023 11:25~~,FR 9053,2023-06-01T09:00:00.000,2023-06-01T11:25:00.000
Brussels (Charleroi),Alicante,2023-06-01T00:00:00.000,101.39,02:25,-1,FR~3534~ ~~CRL~06/01/2023 15:05~ALC~06/01/2023 17:30~~,FR 3534,2023-06-01T15:05:00.000,2023-06-01T17:30:00.000
Brussels (Charleroi),Alicante,2023-06-04T00:00:00.000,97.79,02:25,-1,FR~3534~ ~~CRL~06/04/2023 09:55~ALC~06/04/2023 12:20~~,FR 3534,2023-06-04T09:55:00.000,2023-06-04T12:20:00.000
Brussels (Charleroi),Alicante,2023-06-04T00:00:00.000,128.87,02:25,3,FR~9053~ ~~CRL~06/04/2023 15:00~ALC~06/04/2023 17:25~~,FR 9053,2023-06-04T15:00:00.000,2023-06-04T17:25:00.000
Brussels (Charleroi),Alicante,2023-06-05T00:00:00.000,87.24,02:25,-1,FR~3534~ ~~CRL~06/05/2023 16:55~ALC~06/05/2023 19:20~~,FR 3534,2023-06-05T16:55:00.000,2023-06-05T19:20:00.000
Brussels (Charleroi),Alicante,2023-06-06T00:00:00.000,65.89,02:25,5,FR~3534~ ~~CRL~06/06/2023 06:30~ALC~06/06/2023 08:55~~,FR 3534,2023-06-06T06:30:00.000,2023-06-06T08:55:00.000
Brussels (Charleroi),Alicante,2023-06-06T00:00:00.000,71.49,02:25,-1,FR~9053~ ~~CRL~06/06/2023 12:15~ALC~06/06/2023 14:40~~,FR 9053,2023-06-06T12:15:00.000,2023-06-06T14:40:00.000
Brussels (Charleroi),Alicante,2023-06-07T00:00:00.000,134.12,02:25,3,FR~3534~ ~~CRL~06/07/2023 10:00~ALC~06/07/2023 12:25~~,FR 3534,2023-06-07T10:00:00.000,2023-06-07T12:25:00.000
Brussels (Charleroi),Alicante,2023-06-07T00:00:00.000,87.79,02:25,-1,FR~9053~ ~~CRL~06/07/2023 11:30~ALC~06/07/2023 13:55~~,FR 9053,2023-06-07T11:30:00.000,2023-06-07T13:55:00.000
Brussels (Charleroi),Alicante,2023-06-07T00:00:00.000,65.87,02:25,1,FR~6063~ ~~CRL~06/07/2023 21:55~ALC~06/08/2023 00:20~~,FR 6063,2023-06-07T21:55:00.000,2023-06-08T00:20:00.000
Brussels (Charleroi),Alicante,2023-06-11T00:00:00.000,116.79,02:25,-1,FR~3534~ ~~CRL~06/11/2023 09:55~ALC~06/11/2023 12:20~~,FR 3534,2023-06-11T09:55:00.000,2023-06-11T12:20:00.000
Brussels (Charleroi),Alicante,2023-06-11T00:00:00.000,128.87,02:25,-1,FR~9053~ ~~CRL~06/11/2023 15:00~ALC~06/11/2023 17:25~~,FR 9053,2023-06-11T15:00:00.000,2023-06-11T17:25:00.000
Brussels (Charleroi),Alicante,2023-06-13T00:00:00.000,82.74,02:25,-1,FR~3534~ ~~CRL~06/13/2023 06:30~ALC~06/13/2023 08:55~~,FR 3534,2023-06-13T06:30:00.000,2023-06-13T08:55:00.000
Brussels (Charleroi),Alicante,2023-06-13T00:00:00.000,114.89,02:25,-1,FR~9053~ ~~CRL~06/13/2023 12:15~ALC~06/13/2023 14:40~~,FR 9053,2023-06-13T12:15:00.000,2023-06-13T14:40:00.000
Brussels (Charleroi),Alicante,2023-06-14T00:00:00.000,87.24,02:25,1,FR~3534~ ~~CRL~06/14/2023 10:00~ALC~06/14/2023 12:25~~,FR 3534,2023-06-14T10:00:00.000,2023-06-14T12:25:00.000
Brussels (Charleroi),Alicante,2023-06-14T00:00:00.000,86.99,02:25,-1,FR~9053~ ~~CRL~06/14/2023 11:30~ALC~06/14/2023 13:55~~,FR 9053,2023-06-14T11:30:00.000,2023-06-14T13:55:00.000
Brussels (Charleroi),Alicante,2023-06-14T00:00:00.000,87.24,02:25,-1,FR~6063~ ~~CRL~06/14/2023 21:55~ALC~06/15/2023 00:20~~,FR 6063,2023-06-14T21:55:00.000,2023-06-15T00:20:00.000
Brussels (Charleroi),Alicante,2023-06-16T00:00:00.000,132.54,02:25,-1,FR~3534~ ~~CRL~06/16/2023 09:45~ALC~06/16/2023 12:10~~,FR 3534,2023-06-16T09:45:00.000,2023-06-16T12:10:00.000
Brussels (Charleroi),Alicante,2023-06-16T00:00:00.000,75.99,02:25,-1,FR~9053~ ~~CRL~06/16/2023 17:20~ALC~06/16/2023 19:45~~,FR 9053,2023-06-16T17:20:00.000,2023-06-16T19:45:00.000
Brussels (Charleroi),Alicante,2023-06-17T00:00:00.000,102.29,02:25,4,FR~3534~ ~~CRL~06/17/2023 15:50~ALC~06/17/2023 18:15~~,FR 3534,2023-06-17T15:50:00.000,2023-06-17T18:15:00.000
Brussels (Charleroi),Alicante,2023-06-17T00:00:00.000,75.24,02:25,1,FR~9053~ ~~CRL~06/17/2023 18:15~ALC~06/17/2023 20:40~~,FR 9053,2023-06-17T18:15:00.000,2023-06-17T20:40:00.000
Brussels (Charleroi),Alicante,2023-06-21T00:00:00.000,73.24,02:25,-1,FR~3534~ ~~CRL~06/21/2023 10:00~ALC~06/21/2023 12:25~~,FR 3534,2023-06-21T10:00:00.000,2023-06-21T12:25:00.000
Brussels (Charleroi),Alicante,2023-06-21T00:00:00.000,87.24,02:25,-1,FR~9053~ ~~CRL~06/21/2023 11:30~ALC~06/21/2023 13:55~~,FR 9053,2023-06-21T11:30:00.000,2023-06-21T13:55:00.000
Brussels (Charleroi),Alicante,2023-06-21T00:00:00.000,73.24,02:25,3,FR~6063~ ~~CRL~06/21/2023 21:55~ALC~06/22/2023 00:20~~,FR 6063,2023-06-21T21:55:00.000,2023-06-22T00:20:00.000
Brussels (Charleroi),Alicante,2023-06-22T00:00:00.000,75.7,02:25,4,FR~9053~ ~~CRL~06/22/2023 09:00~ALC~06/22/2023 11:25~~,FR 9053,2023-06-22T09:00:00.000,2023-06-22T11:25:00.000
Brussels (Charleroi),Alicante,2023-06-22T00:00:00.000,86.99,02:25,-1,FR~3534~ ~~CRL~06/22/2023 15:05~ALC~06/22/2023 17:30~~,FR 3534,2023-06-22T15:05:00.000,2023-06-22T17:30:00.000
Brussels (Charleroi),Alicante,2023-06-24T00:00:00.000,87.79,02:25,-1,FR~3534~ ~~CRL~06/24/2023 15:50~ALC~06/24/2023 18:15~~,FR 3534,2023-06-24T15:50:00.000,2023-06-24T18:15:00.000
Brussels (Charleroi),Alicante,2023-06-24T00:00:00.000,87.24,02:25,1,FR~9053~ ~~CRL~06/24/2023 18:15~ALC~06/24/2023 20:40~~,FR 9053,2023-06-24T18:15:00.000,2023-06-24T20:40:00.000
Brussels (Charleroi),Alicante,2023-06-28T00:00:00.000,116.74,02:25,-1,FR~3534~ ~~CRL~06/28/2023 10:00~ALC~06/28/2023 12:25~~,FR 3534,2023-06-28T10:00:00.000,2023-06-28T12:25:00.000
Brussels (Charleroi),Alicante,2023-06-28T00:00:00.000,133.54,02:25,-1,FR~9053~ ~~CRL~06/28/2023 11:30~ALC~06/28/2023 13:55~~,FR 9053,2023-06-28T11:30:00.000,2023-06-28T13:55:00.000
Brussels (Charleroi),Alicante,2023-06-28T00:00:00.000,112.74,02:25,2,FR~6063~ ~~CRL~06/28/2023 21:55~ALC~06/29/2023 00:20~~,FR 6063,2023-06-28T21:55:00.000,2023-06-29T00:20:00.000
Brussels (Charleroi),Alicante,2023-06-29T00:00:00.000,128.87,02:25,3,FR~9053~ ~~CRL~06/29/2023 09:00~ALC~06/29/2023 11:25~~,FR 9053,2023-06-29T09:00:00.000,2023-06-29T11:25:00.000
Brussels (Charleroi),Alicante,2023-06-29T00:00:00.000,132.54,02:25,2,FR~3534~ ~~CRL~06/29/2023 15:05~ALC~06/29/2023 17:30~~,FR 3534,2023-06-29T15:05:00.000,2023-06-29T17:30:00.000
Brussels (Charleroi),Alicante,2023-06-30T00:00:00.000,198.24,02:25,-1,FR~3534~ ~~CRL~06/30/2023 09:45~ALC~06/30/2023 12:10~~,FR 3534,2023-06-30T09:45:00.000,2023-06-30T12:10:00.000
Brussels (Charleroi),Alicante,2023-06-30T00:00:00.000,177.4,02:25,2,FR~9053~ ~~CRL~06/30/2023 17:20~ALC~06/30/2023 19:45~~,FR 9053,2023-06-30T17:20:00.000,2023-06-30T19:45:00.000
Brussels (Charleroi),Alicante,2023-07-04T00:00:00.000,134.64,02:25,4,FR~3534~ ~~CRL~07/04/2023 06:30~ALC~07/04/2023 08:55~~,FR 3534,2023-07-04T06:30:00.000,2023-07-04T08:55:00.000
Brussels (Charleroi),Alicante,2023-07-04T00:00:00.000,203.99,02:25,-1,FR~9053~ ~~CRL~07/04/2023 12:15~ALC~07/04/2023 14:40~~,FR 9053,2023-07-04T12:15:00.000,2023-07-04T14:40:00.000
Brussels (Charleroi),Alicante,2023-07-10T00:00:00.000,238.59,02:25,-1,FR~3534~ ~~CRL~07/10/2023 16:55~ALC~07/10/2023 19:20~~,FR 3534,2023-07-10T16:55:00.000,2023-07-10T19:20:00.000
Brussels (Charleroi),Alicante,2023-07-12T00:00:00.000,238.39,02:25,-1,FR~3534~ ~~CRL~07/12/2023 10:00~ALC~07/12/2023 12:25~~,FR 3534,2023-07-12T10:00:00.000,2023-07-12T12:25:00.000
Brussels (Charleroi),Alicante,2023-07-12T00:00:00.000,203.99,02:25,1,FR~9053~ ~~CRL~07/12/2023 11:30~ALC~07/12/2023 13:55~~,FR 9053,2023-07-12T11:30:00.000,2023-07-12T13:55:00.000
Brussels (Charleroi),Alicante,2023-07-12T00:00:00.000,205.49,02:25,-1,FR~6063~ ~~CRL~07/12/2023 21:55~ALC~07/13/2023 00:20~~,FR 6063,2023-07-12T21:55:00.000,2023-07-13T00:20:00.000
Brussels (Charleroi),Alicante,2023-07-15T00:00:00.000,236.59,02:25,-1,FR~3534~ ~~CRL~07/15/2023 15:50~ALC~07/15/2023 18:15~~,FR 3534,2023-07-15T15:50:00.000,2023-07-15T18:15:00.000
Brussels (Charleroi),Alicante,2023-07-18T00:00:00.000,257.49,02:25,-1,FR~3534~ ~~CRL~07/18/2023 06:30~ALC~07/18/2023 08:55~~,FR 3534,2023-07-18T06:30:00.000,2023-07-18T08:55:00.000
Brussels (Charleroi),Alicante,2023-07-18T00:00:00.000,181.49,02:25,1,FR~9053~ ~~CRL~07/18/2023 12:15~ALC~07/18/2023 14:40~~,FR 9053,2023-07-18T12:15:00.000,2023-07-18T14:40:00.000
Brussels (Charleroi),Alicante,2023-07-19T00:00:00.000,179.99,02:25,-1,FR~3534~ ~~CRL~07/19/2023 10:00~ALC~07/19/2023 12:25~~,FR 3534,2023-07-19T10:00:00.000,2023-07-19T12:25:00.000
Brussels (Charleroi),Alicante,2023-07-19T00:00:00.000,181.49,02:25,-1,FR~9053~ ~~CRL~07/19/2023 11:30~ALC~07/19/2023 13:55~~,FR 9053,2023-07-19T11:30:00.000,2023-07-19T13:55:00.000
Brussels (Charleroi),Alicante,2023-07-19T00:00:00.000,177.79,02:25,-1,FR~6063~ ~~CRL~07/19/2023 21:55~ALC~07/20/2023 00:20~~,FR 6063,2023-07-19T21:55:00.000,2023-07-20T00:20:00.000
Brussels (Charleroi),Alicante,2023-07-20T00:00:00.000,228.49,02:25,-1,FR~9053~ ~~CRL~07/20/2023 09:00~ALC~07/20/2023 11:25~~,FR 9053,2023-07-20T09:00:00.000,2023-07-20T11:25:00.000
Brussels (Charleroi),Alicante,2023-07-20T00:00:00.000,203.99,02:25,3,FR~3534~ ~~CRL~07/20/2023 15:05~ALC~07/20/2023 17:30~~,FR 3534,2023-07-20T15:05:00.000,2023-07-20T17:30:00.000
Brussels (Charleroi),Alicante,2023-07-21T00:00:00.000,228.49,02:25,-1,FR~3534~ ~~CRL~07/21/2023 09:45~ALC~07/21/2023 12:10~~,FR 3534,2023-07-21T09:45:00.000,2023-07-21T12:10:00.000
Brussels (Charleroi),Alicante,2023-07-21T00:00:00.000,223.99,02:25,-1,FR~9053~ ~~CRL~07/21/2023 17:20~ALC~07/21/2023 19:45~~,FR 9053,2023-07-21T17:20:00.000,2023-07-21T19:45:00.000
Brussels (Charleroi),Alicante,2023-07-22T00:00:00.000,270.09,02:25,-1,FR~3534~ ~~CRL~07/22/2023 15:50~ALC~07/22/2023 18:15~~,FR 3534,2023-07-22T15:50:00.000,2023-07-22T18:15:00.000
Brussels (Charleroi),Alicante,2023-07-25T00:00:00.000,197.24,02:25,-1,FR~3534~ ~~CRL~07/25/2023 06:30~ALC~07/25/2023 08:55~~,FR 3534,2023-07-25T06:30:00.000,2023-07-25T08:55:00.000
Brussels (Charleroi),Alicante,2023-07-25T00:00:00.000,155.39,02:25,-1,FR~9053~ ~~CRL~07/25/2023 12:15~ALC~07/25/2023 14:40~~,FR 9053,2023-07-25T12:15:00.000,2023-07-25T14:40:00.000
Brussels (Charleroi),Alicante,2023-08-03T00:00:00.000,130.45,02:25,1,FR~9053~ ~~CRL~08/03/2023 09:00~ALC~08/03/2023 11:25~~,FR 9053,2023-08-03T09:00:00.000,2023-08-03T11:25:00.000
Brussels (Charleroi),Alicante,2023-08-03T00:00:00.000,130.45,02:25,4,FR~3534~ ~~CRL~08/03/2023 15:05~ALC~08/03/2023 17:30~~,FR 3534,2023-08-03T15:05:00.000,2023-08-03T17:30:00.000
Brussels (Charleroi),Alicante,2023-08-04T00:00:00.000,130.45,02:25,1,FR~3534~ ~~CRL~08/04/2023 09:45~ALC~08/04/2023 12:10~~,FR 3534,2023-08-04T09:45:00.000,2023-08-04T12:10:00.000
Brussels (Charleroi),Alicante,2023-08-04T00:00:00.000,133.59,02:25,2,FR~9053~ ~~CRL~08/04/2023 17:20~ALC~08/04/2023 19:45~~,FR 9053,2023-08-04T17:20:00.000,2023-08-04T19:45:00.000
Brussels (Charleroi),Alicante,2023-08-05T00:00:00.000,154.09,02:25,2,FR~3534~ ~~CRL~08/05/2023 15:50~ALC~08/05/2023 18:15~~,FR 3534,2023-08-05T15:50:00.000,2023-08-05T18:15:00.000
Brussels (Charleroi),Alicante,2023-08-08T00:00:00.000,110.39,02:25,4,FR~3534~ ~~CRL~08/08/2023 06:30~ALC~08/08/2023 08:55~~,FR 3534,2023-08-08T06:30:00.000,2023-08-08T08:55:00.000
Brussels (Charleroi),Alicante,2023-08-08T00:00:00.000,130.45,02:25,-1,FR~9053~ ~~CRL~08/08/2023 12:15~ALC~08/08/2023 14:40~~,FR 9053,2023-08-08T12:15:00.000,2023-08-08T14:40:00.000
Brussels (Charleroi),Alicante,2023-08-11T00:00:00.000,128.24,02:25,2,FR~3534~ ~~CRL~08/11/2023 09:45~ALC~08/11/2023 12:10~~,FR 3534,2023-08-11T09:45:00.000,2023-08-11T12:10:00.000
Brussels (Charleroi),Alicante,2023-08-11T00:00:00.000,88.59,02:25,-1,FR~9053~ ~~CRL~08/11/2023 17:20~ALC~08/11/2023 19:45~~,FR 9053,2023-08-11T17:20:00.000,2023-08-11T19:45:00.000
Brussels (Charleroi),Alicante,2023-08-13T00:00:00.000,154.09,02:25,3,FR~3534~ ~~CRL~08/13/2023 09:55~ALC~08/13/2023 12:20~~,FR 3534,2023-08-13T09:55:00.000,2023-08-13T12:20:00.000
Brussels (Charleroi),Alicante,2023-08-13T00:00:00.000,115.74,02:25,4,FR~9053~ ~~CRL~08/13/2023 15:00~ALC~08/13/2023 17:25~~,FR 9053,2023-08-13T15:00:00.000,2023-08-13T17:25:00.000
Brussels (Charleroi),Alicante,2023-08-20T00:00:00.000,97.79,02:25,-1,FR~3534~ ~~CRL~08/20/2023 09:55~ALC~08/20/2023 12:20~~,FR 3534,2023-08-20T09:55:00.000,2023-08-20T12:20:00.000
Brussels (Charleroi),Alicante,2023-08-20T00:00:00.000,65.89,02:25,1,FR~9053~ ~~CRL~08/20/2023 15:00~ALC~08/20/2023 17:25~~,FR 9053,2023-08-20T15:00:00.000,2023-08-20T17:25:00.000
Brussels (Charleroi),Alicante,2023-08-22T00:00:00.000,74.29,02:25,5,FR~3534~ ~~CRL~08/22/2023 06:30~ALC~08/22/2023 08:55~~,FR 3534,2023-08-22T06:30:00.000,2023-08-22T08:55:00.000
Brussels (Charleroi),Alicante,2023-08-22T00:00:00.000,49.34,02:25,-1,FR~9053~ ~~CRL~08/22/2023 12:15~ALC~08/22/2023 14:40~~,FR 9053,2023-08-22T12:15:00.000,2023-08-22T14:40:00.000
Brussels (Charleroi),Alicante,2023-08-23T00:00:00.000,48.24,02:25,-1,FR~3534~ ~~CRL~08/23/2023 10:00~ALC~08/23/2023 12:25~~,FR 3534,2023-08-23T10:00:00.000,2023-08-23T12:25:00.000
Brussels (Charleroi),Alicante,2023-08-23T00:00:00.000,62.74,02:25,-1,FR~9053~ ~~CRL~08/23/2023 11:30~ALC~08/23/2023 13:55~~,FR 9053,2023-08-23T11:30:00.000,2023-08-23T13:55:00.000
Brussels (Charleroi),Alicante,2023-08-23T00:00:00.000,42.77,02:25,-1,FR~6063~ ~~CRL~08/23/2023 21:55~ALC~08/24/2023 00:20~~,FR 6063,2023-08-23T21:55:00.000,2023-08-24T00:20:00.000
Brussels (Charleroi),Alicante,2023-08-24T00:00:00.000,62.74,02:25,-1,FR~9053~ ~~CRL~08/24/2023 09:00~ALC~08/24/2023 11:25~~,FR 9053,2023-08-24T09:00:00.000,2023-08-24T11:25:00.000
Brussels (Charleroi),Alicante,2023-08-24T00:00:00.000,67.74,02:25,-1,FR~3534~ ~~CRL~08/24/2023 15:05~ALC~08/24/2023 17:30~~,FR 3534,2023-08-24T15:05:00.000,2023-08-24T17:30:00.000
Brussels (Charleroi),Alicante,2023-08-25T00:00:00.000,75.99,02:25,-1,FR~3534~ ~~CRL~08/25/2023 09:45~ALC~08/25/2023 12:10~~,FR 3534,2023-08-25T09:45:00.000,2023-08-25T12:10:00.000
Brussels (Charleroi),Alicante,2023-08-25T00:00:00.000,55.94,02:25,2,FR~9053~ ~~CRL~08/25/2023 17:20~ALC~08/25/2023 19:45~~,FR 9053,2023-08-25T17:20:00.000,2023-08-25T19:45:00.000
Brussels (Charleroi),Alicante,2023-08-26T00:00:00.000,77.79,02:25,2,FR~3534~ ~~CRL~08/26/2023 15:50~ALC~08/26/2023 18:15~~,FR 3534,2023-08-26T15:50:00.000,2023-08-26T18:15:00.000
Brussels (Charleroi),Alicante,2023-08-27T00:00:00.000,64.49,02:25,-1,FR~3534~ ~~CRL~08/27/2023 09:55~ALC~08/27/2023 12:20~~,FR 3534,2023-08-27T09:55:00.000,2023-08-27T12:20:00.000
Brussels (Charleroi),Alicante,2023-08-27T00:00:00.000,59.8,02:25,4,FR~9053~ ~~CRL~08/27/2023 15:00~ALC~08/27/2023 17:25~~,FR 9053,2023-08-27T15:00:00.000,2023-08-27T17:25:00.000
Brussels (Charleroi),Alicante,2023-08-28T00:00:00.000,57.59,02:25,4,FR~3534~ ~~CRL~08/28/2023 16:55~ALC~08/28/2023 19:20~~,FR 3534,2023-08-28T16:55:00.000,2023-08-28T19:20:00.000
Brussels (Charleroi),Alicante,2023-08-29T00:00:00.000,49.27,02:25,1,FR~3534~ ~~CRL~08/29/2023 06:30~ALC~08/29/2023 08:55~~,FR 3534,2023-08-29T06:30:00.000,2023-08-29T08:55:00.000
Brussels (Charleroi),Alicante,2023-08-29T00:00:00.000,72.19,02:25,-1,FR~9053~ ~~CRL~08/29/2023 12:15~ALC~08/29/2023 14:40~~,FR 9053,2023-08-29T12:15:00.000,2023-08-29T14:40:00.000
Brussels (Charleroi),Alicante,2023-08-30T00:00:00.000,57.49,02:25,-1,FR~3534~ ~~CRL~08/30/2023 10:00~ALC~08/30/2023 12:25~~,FR 3534,2023-08-30T10:00:00.000,2023-08-30T12:25:00.000
Brussels (Charleroi),Alicante,2023-08-30T00:00:00.000,50.27,02:25,4,FR~9053~ ~~CRL~08/30/2023 11:30~ALC~08/30/2023 13:55~~,FR 9053,2023-08-30T11:30:00.000,2023-08-30T13:55:00.000
Brussels (Charleroi),Alicante,2023-08-30T00:00:00.000,60.8,02:25,4,FR~6063~ ~~CRL~08/30/2023 21:55~ALC~08/31/2023 00:20~~,FR 6063,2023-08-30T21:55:00.000,2023-08-31T00:20:00.000
Brussels (Charleroi),Alicante,2023-08-31T00:00:00.000,74.29,02:25,3,FR~9053~ ~~CRL~08/31/2023 09:00~ALC~08/31/2023 11:25~~,FR 9053,2023-08-31T09:00:00.000,2023-08-31T11:25:00.000
Brussels (Charleroi),Alicante,2023-08-31T00:00:00.000,67.99,02:25,-1,FR~3534~ ~~CRL~08/31/2023 15:05~ALC~08/31/2023 17:30~~,FR 3534,2023-08-31T15:05:00.000,2023-08-31T17:30:00.000
Brussels (Charleroi),Alicante,2023-09-01T00:00:00.000,95.99,02:25,5,FR~3534~ ~~CRL~09/01/2023 09:45~ALC~09/01/2023 12:10~~,FR 3534,2023-09-01T09:45:00.000,2023-09-01T12:10:00.000
Brussels (Charleroi),Alicante,2023-09-01T00:00:00.000,110.49,02:25,-1,FR~9053~ ~~CRL~09/01/2023 17:20~ALC~09/01/2023 19:45~~,FR 9053,2023-09-01T17:20:00.000,2023-09-01T19:45:00.000
Brussels (Charleroi),Alicante,2023-09-02T00:00:00.000,82.74,02:25,-1,FR~3534~ ~~CRL~09/02/2023 15:50~ALC~09/02/2023 18:15~~,FR 3534,2023-09-02T15:50:00.000,2023-09-02T18:15:00.000
Brussels (Charleroi),Alicante,2023-09-03T00:00:00.000,96.99,02:25,-1,FR~3534~ ~~CRL~09/03/2023 09:55~ALC~09/03/2023 12:20~~,FR 3534,2023-09-03T09:55:00.000,2023-09-03T12:20:00.000
Brussels (Charleroi),Alicante,2023-09-04T00:00:00.000,99.8,02:25,5,FR~3534~ ~~CRL~09/04/2023 16:55~ALC~09/04/2023 19:20~~,FR 3534,2023-09-04T16:55:00.000,2023-09-04T19:20:00.000
Brussels (Charleroi),Alicante,2023-09-07T00:00:00.000,82.74,02:25,5,FR~9053~ ~~CRL~09/07/2023 09:00~ALC~09/07/2023 11:25~~,FR 9053,2023-09-07T09:00:00.000,2023-09-07T11:25:00.000
Brussels (Charleroi),Alicante,2023-09-07T00:00:00.000,84.62,02:25,1,FR~3534~ ~~CRL~09/07/2023 15:05~ALC~09/07/2023 17:30~~,FR 3534,2023-09-07T15:05:00.000,2023-09-07T17:30:00.000
Brussels (Charleroi),Alicante,2023-09-10T00:00:00.000,96.99,02:25,4,FR~3534~ ~~CRL~09/10/2023 09:55~ALC~09/10/2023 12:20~~,FR 3534,2023-09-10T09:55:00.000,2023-09-10T12:20:00.000
Brussels (Charleroi),Alicante,2023-09-13T00:00:00.000,90.99,02:25,-1,FR~3534~ ~~CRL~09/13/2023 10:00~ALC~09/13/2023 12:25~~,FR 3534,2023-09-13T10:00:00.000,2023-09-13T12:25:00.000
Brussels (Charleroi),Alicante,2023-09-13T00:00:00.000,77.09,02:25,1,FR~9053~ ~~CRL~09/13/2023 11:30~ALC~09/13/2023 13:55~~,FR 9053,2023-09-13T11:30:00.000,2023-09-13T13:55:00.000
Brussels (Charleroi),Alicante,2023-09-13T00:00:00.000,58.99,02:25,-1,FR~6063~ ~~CRL~09/13/2023 21:55~ALC~09/14/2023 00:20~~,FR 6063,2023-09-13T21:55:00.000,2023-09-14T00:20:00.000
Brussels (Charleroi),Alicante,2023-09-15T00:00:00.000,87.99,02:25,-1,FR~3534~ ~~CRL~09/15/2023 09:45~ALC~09/15/2023 12:10~~,FR 3534,2023-09-15T09:45:00.000,2023-09-15T12:10:00.000
Brussels (Charleroi),Alicante,2023-09-15T00:00:00.000,101.39,02:25,5,FR~9053~ ~~CRL~09/15/2023 17:20~ALC~09/15/2023 19:45~~,FR 9053,2023-09-15T17:20:00.000,2023-09-15T19:45:00.000
Brussels (Charleroi),Alicante,2023-09-17T00:00:00.000,71.49,02:25,1,FR~3534~ ~~CRL~09/17/2023 09:55~ALC~09/17/2023 12:20~~,FR 3534,2023-09-17T09:55:00.000,2023-09-17T12:20:00.000
Brussels (Charleroi),Alicante,2023-09-18T00:00:00.000,87.99,02:25,-1,FR~3534~ ~~CRL~09/18/2023 16:55~ALC~09/18/2023 19:20~~,FR 3534,2023-09-18T16:55:00.000,2023-09-18T19:20:00.000
Brussels (Charleroi),Alicante,2023-09-19T00:00:00.000,77.09,02:25,-1,FR~3534~ ~~CRL~09/19/2023 06:30~ALC~09/19/2023 08:55~~,FR 3534,2023-09-19T06:30:00.000,2023-09-19T08:55:00.000
Brussels (Charleroi),Alicante,2023-09-19T00:00:00.000,73.24,02:25,-1,FR~9053~ ~~CRL~09/19/2023 12:15~ALC~09/19/2023 14:40~~,FR 9053,2023-09-19T12:15:00.000,2023-09-19T14:40:00.000
Brussels (Charleroi),Alicante,2023-09-20T00:00:00.000,76.39,02:25,-1,FR~3534~ ~~CRL~09/20/2023 10:00~ALC~09/20/2023 12:25~~,FR 3534,2023-09-20T10:00:00.000,2023-09-20T12:25:00.000
Brussels (Charleroi),Alicante,2023-09-20T00:00:00.000,76.39,02:25,-1,FR~9053~ ~~CRL~09/20/2023 11:30~ALC~09/20/2023 13:55~~,FR 9053,2023-09-20T11:30:00.000,2023-09-20T13:55:00.000
Brussels (Charleroi),Alicante,2023-09-20T00:00:00.000,77.09,02:25,-1,FR~6063~ ~~CRL~09/20/2023 21:55~ALC~09/21/2023 00:20~~,FR 6063,2023-09-20T21:55:00.000,2023-09-21T00:20:00.000
Brussels (Charleroi),Alicante,2023-09-22T00:00:00.000,99.8,02:25,-1,FR~3534~ ~~CRL~09/22/2023 09:45~ALC~09/22/2023 12:10~~,FR 3534,2023-09-22T09:45:00.000,2023-09-22T12:10:00.000
Brussels (Charleroi),Alicante,2023-09-22T00:00:00.000,78.99,02:25,-1,FR~9053~ ~~CRL~09/22/2023 17:20~ALC~09/22/2023 19:45~~,FR 9053,2023-09-22T17:20:00.000,2023-09-22T19:45:00.000
Brussels (Charleroi),Alicante,2023-09-26T00:00:00.000,50.22,02:25,-1,FR~3534~ ~~CRL~09/26/2023 06:30~ALC~09/26/2023 08:55~~,FR 3534,2023-09-26T06:30:00.000,2023-09-26T08:55:00.000
Brussels (Charleroi),Alicante,2023-09-26T00:00:00.000,58.14,02:25,1,FR~9053~ ~~CRL~09/26/2023 12:15~ALC~09/26/2023 14:40~~,FR 9053,2023-09-26T12:15:00.000,2023-09-26T14:40:00.000
Brussels (Charleroi),Alicante,2023-10-01T00:00:00.000,88.74,02:25,4,FR~3534~ ~~CRL~10/01/2023 09:55~ALC~10/01/2023 12:20~~,FR 3534,2023-10-01T09:55:00.000,2023-10-01T12:20:00.000
Brussels (Charleroi),Alicante,2023-10-01T00:00:00.000,101.39,02:25,-1,FR~9053~ ~~CRL~10/01/2023 15:00~ALC~10/01/2023 17:25~~,FR 9053,2023-10-01T15:00:00.000,2023-10-01T17:25:00.000
Brussels (Charleroi),Ibiza,2023-04-27T00:00:00.000,None,02:25,0,FR~6456~ ~~CRL~04/27/2023 10:20~IBZ~04/27/2023 12:45~~,FR 6456,2023-04-27T10:20:00.000,2023-04-27T12:45:00.000
Brussels (Charleroi),Ibiza,2023-05-04T00:00:00.000,121.14,02:25,4,FR~6456~ ~~CRL~05/04/2023 10:20~IBZ~05/04/2023 12:45~~,FR 6456,2023-05-04T10:20:00.000,2023-05-04T12:45:00.000
Brussels (Charleroi),Ibiza,2023-05-05T00:00:00.000,83.81,02:25,1,FR~6456~ ~~CRL~05/05/2023 16:15~IBZ~05/05/2023 18:40~~,FR 6456,2023-05-05T16:15:00.000,2023-05-05T18:40:00.000
Brussels (Charleroi),Ibiza,2023-05-09T00:00:00.000,68.42,02:25,-1,FR~6456~ ~~CRL~05/09/2023 09:25~IBZ~05/09/2023 11:50~~,FR 6456,2023-05-09T09:25:00.000,2023-05-09T11:50:00.000
Brussels (Charleroi),Ibiza,2023-05-21T00:00:00.000,59.86,02:25,-1,FR~6456~ ~~CRL~05/21/2023 07:30~IBZ~05/21/2023 09:55~~,FR 6456,2023-05-21T07:30:00.000,2023-05-21T09:55:00.000
Brussels (Charleroi),Ibiza,2023-05-23T00:00:00.000,78.67,02:25,4,FR~6456~ ~~CRL~05/23/2023 09:25~IBZ~05/23/2023 11:50~~,FR 6456,2023-05-23T09:25:00.000,2023-05-23T11:50:00.000
Brussels (Charleroi),Ibiza,2023-05-26T00:00:00.000,220.27,02:25,4,FR~6456~ ~~CRL~05/26/2023 16:15~IBZ~05/26/2023 18:40~~,FR 6456,2023-05-26T16:15:00.000,2023-05-26T18:40:00.000
Brussels (Charleroi),Ibiza,2023-06-11T00:00:00.000,165.27,02:25,-1,FR~6456~ ~~CRL~06/11/2023 07:30~IBZ~06/11/2023 09:55~~,FR 6456,2023-06-11T07:30:00.000,2023-06-11T09:55:00.000
Brussels (Charleroi),Ibiza,2023-06-16T00:00:00.000,128.22,02:25,4,FR~6456~ ~~CRL~06/16/2023 16:15~IBZ~06/16/2023 18:40~~,FR 6456,2023-06-16T16:15:00.000,2023-06-16T18:40:00.000
Brussels (Charleroi),Ibiza,2023-06-22T00:00:00.000,198.14,02:25,-1,FR~6456~ ~~CRL~06/22/2023 10:20~IBZ~06/22/2023 12:45~~,FR 6456,2023-06-22T10:20:00.000,2023-06-22T12:45:00.000
Brussels (Charleroi),Ibiza,2023-06-23T00:00:00.000,78.67,02:25,4,FR~6456~ ~~CRL~06/23/2023 16:15~IBZ~06/23/2023 18:40~~,FR 6456,2023-06-23T16:15:00.000,2023-06-23T18:40:00.000
Brussels (Charleroi),Ibiza,2023-06-25T00:00:00.000,83.08,02:25,-1,FR~6456~ ~~CRL~06/25/2023 07:30~IBZ~06/25/2023 09:55~~,FR 6456,2023-06-25T07:30:00.000,2023-06-25T09:55:00.000
Brussels (Charleroi),Ibiza,2023-06-27T00:00:00.000,41.13,02:25,-1,FR~6456~ ~~CRL~06/27/2023 09:25~IBZ~06/27/2023 11:50~~,FR 6456,2023-06-27T09:25:00.000,2023-06-27T11:50:00.000
Brussels (Charleroi),Ibiza,2023-06-30T00:00:00.000,171.06,02:25,5,FR~6456~ ~~CRL~06/30/2023 16:15~IBZ~06/30/2023 18:40~~,FR 6456,2023-06-30T16:15:00.000,2023-06-30T18:40:00.000
Brussels (Charleroi),Ibiza,2023-07-06T00:00:00.000,171.43,02:25,1,FR~6456~ ~~CRL~07/06/2023 10:20~IBZ~07/06/2023 12:45~~,FR 6456,2023-07-06T10:20:00.000,2023-07-06T12:45:00.000
Brussels (Charleroi),Ibiza,2023-07-09T00:00:00.000,147.86,02:25,-1,FR~6456~ ~~CRL~07/09/2023 07:30~IBZ~07/09/2023 09:55~~,FR 6456,2023-07-09T07:30:00.000,2023-07-09T09:55:00.000
Brussels (Charleroi),Ibiza,2023-07-11T00:00:00.000,190.02,02:25,-1,FR~6456~ ~~CRL~07/11/2023 09:25~IBZ~07/11/2023 11:50~~,FR 6456,2023-07-11T09:25:00.000,2023-07-11T11:50:00.000
Brussels (Charleroi),Ibiza,2023-07-13T00:00:00.000,196.63,02:25,5,FR~6456~ ~~CRL~07/13/2023 10:20~IBZ~07/13/2023 12:45~~,FR 6456,2023-07-13T10:20:00.000,2023-07-13T12:45:00.000
Brussels (Charleroi),Ibiza,2023-07-16T00:00:00.000,201.68,02:25,5,FR~6456~ ~~CRL~07/16/2023 07:30~IBZ~07/16/2023 09:55~~,FR 6456,2023-07-16T07:30:00.000,2023-07-16T09:55:00.000
Brussels (Charleroi),Ibiza,2023-07-18T00:00:00.000,154.99,02:25,2,FR~6456~ ~~CRL~07/18/2023 09:25~IBZ~07/18/2023 11:50~~,FR 6456,2023-07-18T09:25:00.000,2023-07-18T11:50:00.000
Brussels (Charleroi),Ibiza,2023-07-20T00:00:00.000,146.7,02:25,4,FR~6456~ ~~CRL~07/20/2023 10:20~IBZ~07/20/2023 12:45~~,FR 6456,2023-07-20T10:20:00.000,2023-07-20T12:45:00.000
Brussels (Charleroi),Ibiza,2023-07-23T00:00:00.000,133.99,02:25,-1,FR~6456~ ~~CRL~07/23/2023 07:30~IBZ~07/23/2023 09:55~~,FR 6456,2023-07-23T07:30:00.000,2023-07-23T09:55:00.000
Brussels (Charleroi),Ibiza,2023-07-25T00:00:00.000,226.47,02:25,5,FR~6456~ ~~CRL~07/25/2023 09:25~IBZ~07/25/2023 11:50~~,FR 6456,2023-07-25T09:25:00.000,2023-07-25T11:50:00.000
Brussels (Charleroi),Ibiza,2023-08-01T00:00:00.000,140.93,02:25,2,FR~6456~ ~~CRL~08/01/2023 09:25~IBZ~08/01/2023 11:50~~,FR 6456,2023-08-01T09:25:00.000,2023-08-01T11:50:00.000
Brussels (Charleroi),Ibiza,2023-08-03T00:00:00.000,82.07,02:25,-1,FR~6456~ ~~CRL~08/03/2023 10:20~IBZ~08/03/2023 12:45~~,FR 6456,2023-08-03T10:20:00.000,2023-08-03T12:45:00.000
Brussels (Charleroi),Ibiza,2023-08-06T00:00:00.000,61.57,02:25,-1,FR~6456~ ~~CRL~08/06/2023 07:30~IBZ~08/06/2023 09:55~~,FR 6456,2023-08-06T07:30:00.000,2023-08-06T09:55:00.000
Brussels (Charleroi),Ibiza,2023-08-11T00:00:00.000,92.91,02:25,-1,FR~6456~ ~~CRL~08/11/2023 16:15~IBZ~08/11/2023 18:40~~,FR 6456,2023-08-11T16:15:00.000,2023-08-11T18:40:00.000
Brussels (Charleroi),Ibiza,2023-08-13T00:00:00.000,93.06,02:25,3,FR~6456~ ~~CRL~08/13/2023 07:30~IBZ~08/13/2023 09:55~~,FR 6456,2023-08-13T07:30:00.000,2023-08-13T09:55:00.000
Brussels (Charleroi),Ibiza,2023-08-17T00:00:00.000,26.2,02:25,-1,FR~6456~ ~~CRL~08/17/2023 10:20~IBZ~08/17/2023 12:45~~,FR 6456,2023-08-17T10:20:00.000,2023-08-17T12:45:00.000
Brussels (Charleroi),Ibiza,2023-08-27T00:00:00.000,52.81,02:25,5,FR~6456~ ~~CRL~08/27/2023 07:30~IBZ~08/27/2023 09:55~~,FR 6456,2023-08-27T07:30:00.000,2023-08-27T09:55:00.000
Brussels (Charleroi),Ibiza,2023-08-29T00:00:00.000,29.38,02:25,-1,FR~6456~ ~~CRL~08/29/2023 09:25~IBZ~08/29/2023 11:50~~,FR 6456,2023-08-29T09:25:00.000,2023-08-29T11:50:00.000
Brussels (Charleroi),Ibiza,2023-09-03T00:00:00.000,104.42,02:25,2,FR~6456~ ~~CRL~09/03/2023 07:30~IBZ~09/03/2023 09:55~~,FR 6456,2023-09-03T07:30:00.000,2023-09-03T09:55:00.000
Brussels (Charleroi),Ibiza,2023-09-05T00:00:00.000,128.36,02:25,3,FR~6456~ ~~CRL~09/05/2023 09:25~IBZ~09/05/2023 11:50~~,FR 6456,2023-09-05T09:25:00.000,2023-09-05T11:50:00.000
Brussels (Charleroi),Ibiza,2023-09-07T00:00:00.000,85.99,02:25,1,FR~6456~ ~~CRL~09/07/2023 10:20~IBZ~09/07/2023 12:45~~,FR 6456,2023-09-07T10:20:00.000,2023-09-07T12:45:00.000
Brussels (Charleroi),Ibiza,2023-09-08T00:00:00.000,110.61,02:25,-1,FR~6456~ ~~CRL~09/08/2023 16:15~IBZ~09/08/2023 18:40~~,FR 6456,2023-09-08T16:15:00.000,2023-09-08T18:40:00.000
Brussels (Charleroi),Ibiza,2023-09-12T00:00:00.000,109.73,02:25,-1,FR~6456~ ~~CRL~09/12/2023 09:25~IBZ~09/12/2023 11:50~~,FR 6456,2023-09-12T09:25:00.000,2023-09-12T11:50:00.000
Brussels (Charleroi),Ibiza,2023-09-15T00:00:00.000,115.99,02:25,-1,FR~6456~ ~~CRL~09/15/2023 16:15~IBZ~09/15/2023 18:40~~,FR 6456,2023-09-15T16:15:00.000,2023-09-15T18:40:00.000
Brussels (Charleroi),Ibiza,2023-09-17T00:00:00.000,99.99,02:25,5,FR~6456~ ~~CRL~09/17/2023 07:30~IBZ~09/17/2023 09:55~~,FR 6456,2023-09-17T07:30:00.000,2023-09-17T09:55:00.000
Brussels (Charleroi),Ibiza,2023-09-26T00:00:00.000,95.41,02:25,2,FR~6456~ ~~CRL~09/26/2023 09:25~IBZ~09/26/2023 11:50~~,FR 6456,2023-09-26T09:25:00.000,2023-09-26T11:50:00.000
Brussels (Charleroi),Ibiza,2023-09-28T00:00:00.000,129.38,02:25,1,FR~6456~ ~~CRL~09/28/2023 10:20~IBZ~09/28/2023 12:45~~,FR 6456,2023-09-28T10:20:00.000,2023-09-28T12:45:00.000
Brussels (Charleroi),Ibiza,2023-09-29T00:00:00.000,106.63,02:25,4,FR~6456~ ~~CRL~09/29/2023 16:15~IBZ~09/29/2023 18:40~~,FR 6456,2023-09-29T16:15:00.000,2023-09-29T18:40:00.000
Brussels (Charleroi),Malaga,2023-04-28T00:00:00.000,None,02:45,0,FR~1928~ ~~CRL~04/28/2023 10:00~AGP~04/28/2023 12:45~~,FR 1928,2023-04-28T10:00:00.000,2023-04-28T12:45:00.000
Brussels (Charleroi),Malaga,2023-04-28T00:00:00.000,None,02:45,0,FR~1916~ ~~CRL~04/28/2023 20:55~AGP~04/28/2023 23:40~~,FR 1916,2023-04-28T20:55:00.000,2023-04-28T23:40:00.000
Brussels (Charleroi),Malaga,2023-04-29T00:00:00.000,None,02:45,0,FR~1916~ ~~CRL~04/29/2023 13:35~AGP~04/29/2023 16:20~~,FR 1916,2023-04-29T13:35:00.000,2023-04-29T16:20:00.000
Brussels (Charleroi),Malaga,2023-04-30T00:00:00.000,398.43,02:45,1,FR~1916~ ~~CRL~04/30/2023 21:30~AGP~05/01/2023 00:15~~,FR 1916,2023-04-30T21:30:00.000,2023-05-01T00:15:00.000
Brussels (Charleroi),Malaga,2023-05-03T00:00:00.000,156.44,02:45,1,FR~1916~ ~~CRL~05/03/2023 06:45~AGP~05/03/2023 09:30~~,FR 1916,2023-05-03T06:45:00.000,2023-05-03T09:30:00.000
Brussels (Charleroi),Malaga,2023-05-06T00:00:00.000,453.62,02:45,-1,FR~1916~ ~~CRL~05/06/2023 13:35~AGP~05/06/2023 16:20~~,FR 1916,2023-05-06T13:35:00.000,2023-05-06T16:20:00.000
Brussels (Charleroi),Malaga,2023-05-09T00:00:00.000,197.24,02:45,1,FR~1916~ ~~CRL~05/09/2023 16:00~AGP~05/09/2023 18:45~~,FR 1916,2023-05-09T16:00:00.000,2023-05-09T18:45:00.000
Brussels (Charleroi),Malaga,2023-05-11T00:00:00.000,128.87,02:45,4,FR~1916~ ~~CRL~05/11/2023 17:30~AGP~05/11/2023 20:15~~,FR 1916,2023-05-11T17:30:00.000,2023-05-11T20:15:00.000
Brussels (Charleroi),Malaga,2023-05-16T00:00:00.000,196.99,02:45,4,FR~1916~ ~~CRL~05/16/2023 16:00~AGP~05/16/2023 18:45~~,FR 1916,2023-05-16T16:00:00.000,2023-05-16T18:45:00.000
Brussels (Charleroi),Malaga,2023-05-17T00:00:00.000,246.99,02:45,2,FR~1916~ ~~CRL~05/17/2023 06:45~AGP~05/17/2023 09:30~~,FR 1916,2023-05-17T06:45:00.000,2023-05-17T09:30:00.000
Brussels (Charleroi),Malaga,2023-05-19T00:00:00.000,203.99,02:45,4,FR~1928~ ~~CRL~05/19/2023 10:00~AGP~05/19/2023 12:45~~,FR 1928,2023-05-19T10:00:00.000,2023-05-19T12:45:00.000
Brussels (Charleroi),Malaga,2023-05-19T00:00:00.000,100.59,02:45,4,FR~1916~ ~~CRL~05/19/2023 20:55~AGP~05/19/2023 23:40~~,FR 1916,2023-05-19T20:55:00.000,2023-05-19T23:40:00.000
Brussels (Charleroi),Malaga,2023-05-20T00:00:00.000,98.24,02:45,-1,FR~1916~ ~~CRL~05/20/2023 13:35~AGP~05/20/2023 16:20~~,FR 1916,2023-05-20T13:35:00.000,2023-05-20T16:20:00.000
Brussels (Charleroi),Malaga,2023-05-21T00:00:00.000,74.49,02:45,3,FR~1916~ ~~CRL~05/21/2023 21:30~AGP~05/22/2023 00:15~~,FR 1916,2023-05-21T21:30:00.000,2023-05-22T00:15:00.000
Brussels,Malaga,2023-05-22T00:00:00.000,89.66,02:50,5,FR~2923~ ~~BRU~05/22/2023 17:40~AGP~05/22/2023 20:30~~,FR 2923,2023-05-22T17:40:00.000,2023-05-22T20:30:00.000
Brussels (Charleroi),Malaga,2023-05-22T00:00:00.000,102.19,02:45,2,FR~1916~ ~~CRL~05/22/2023 19:20~AGP~05/22/2023 22:05~~,FR 1916,2023-05-22T19:20:00.000,2023-05-22T22:05:00.000
Brussels (Charleroi),Malaga,2023-05-23T00:00:00.000,128.87,02:45,4,FR~1916~ ~~CRL~05/23/2023 16:00~AGP~05/23/2023 18:45~~,FR 1916,2023-05-23T16:00:00.000,2023-05-23T18:45:00.000
Brussels,Malaga,2023-05-24T00:00:00.000,122.97,02:55,1,FR~2923~ ~~BRU~05/24/2023 10:05~AGP~05/24/2023 13:00~~,FR 2923,2023-05-24T10:05:00.000,2023-05-24T13:00:00.000
Brussels (Charleroi),Malaga,2023-05-25T00:00:00.000,174.99,02:45,-1,FR~1916~ ~~CRL~05/25/2023 17:30~AGP~05/25/2023 20:15~~,FR 1916,2023-05-25T17:30:00.000,2023-05-25T20:15:00.000
Brussels (Charleroi),Malaga,2023-05-26T00:00:00.000,203.99,02:45,2,FR~1928~ ~~CRL~05/26/2023 10:00~AGP~05/26/2023 12:45~~,FR 1928,2023-05-26T10:00:00.000,2023-05-26T12:45:00.000
Brussels (Charleroi),Malaga,2023-05-26T00:00:00.000,131.18,02:45,4,FR~1916~ ~~CRL~05/26/2023 20:55~AGP~05/26/2023 23:40~~,FR 1916,2023-05-26T20:55:00.000,2023-05-26T23:40:00.000
Brussels (Charleroi),Malaga,2023-05-28T00:00:00.000,131.49,02:45,4,FR~1916~ ~~CRL~05/28/2023 21:30~AGP~05/29/2023 00:15~~,FR 1916,2023-05-28T21:30:00.000,2023-05-29T00:15:00.000
Brussels (Charleroi),Malaga,2023-05-30T00:00:00.000,139.99,02:45,2,FR~1916~ ~~CRL~05/30/2023 16:00~AGP~05/30/2023 18:45~~,FR 1916,2023-05-30T16:00:00.000,2023-05-30T18:45:00.000
Brussels (Charleroi),Malaga,2023-06-02T00:00:00.000,135.12,02:45,5,FR~1928~ ~~CRL~06/02/2023 10:00~AGP~06/02/2023 12:45~~,FR 1928,2023-06-02T10:00:00.000,2023-06-02T12:45:00.000
Brussels (Charleroi),Malaga,2023-06-02T00:00:00.000,66.87,02:45,2,FR~1916~ ~~CRL~06/02/2023 20:55~AGP~06/02/2023 23:40~~,FR 1916,2023-06-02T20:55:00.000,2023-06-02T23:40:00.000
Brussels (Charleroi),Malaga,2023-06-03T00:00:00.000,75.7,02:45,2,FR~1916~ ~~CRL~06/03/2023 13:35~AGP~06/03/2023 16:20~~,FR 1916,2023-06-03T13:35:00.000,2023-06-03T16:20:00.000
Brussels,Malaga,2023-06-05T00:00:00.000,68.8,02:50,-1,FR~2923~ ~~BRU~06/05/2023 17:40~AGP~06/05/2023 20:30~~,FR 2923,2023-06-05T17:40:00.000,2023-06-05T20:30:00.000
Brussels,Malaga,2023-06-07T00:00:00.000,96.99,02:55,3,FR~2923~ ~~BRU~06/07/2023 10:05~AGP~06/07/2023 13:00~~,FR 2923,2023-06-07T10:05:00.000,2023-06-07T13:00:00.000
Brussels (Charleroi),Malaga,2023-06-07T00:00:00.000,55.72,02:45,-1,FR~1916~ ~~CRL~06/07/2023 06:45~AGP~06/07/2023 09:30~~,FR 1916,2023-06-07T06:45:00.000,2023-06-07T09:30:00.000
Brussels (Charleroi),Malaga,2023-06-08T00:00:00.000,75.99,02:45,4,FR~1916~ ~~CRL~06/08/2023 17:30~AGP~06/08/2023 20:15~~,FR 1916,2023-06-08T17:30:00.000,2023-06-08T20:15:00.000
Brussels,Malaga,2023-06-11T00:00:00.000,71.04,02:55,-1,FR~2923~ ~~BRU~06/11/2023 09:55~AGP~06/11/2023 12:50~~,FR 2923,2023-06-11T09:55:00.000,2023-06-11T12:50:00.000
Brussels (Charleroi),Malaga,2023-06-13T00:00:00.000,73.24,02:45,2,FR~1916~ ~~CRL~06/13/2023 16:00~AGP~06/13/2023 18:45~~,FR 1916,2023-06-13T16:00:00.000,2023-06-13T18:45:00.000
Brussels,Malaga,2023-06-14T00:00:00.000,77.57,02:55,-1,FR~2923~ ~~BRU~06/14/2023 10:05~AGP~06/14/2023 13:00~~,FR 2923,2023-06-14T10:05:00.000,2023-06-14T13:00:00.000
Brussels (Charleroi),Malaga,2023-06-14T00:00:00.000,62.12,02:45,-1,FR~1916~ ~~CRL~06/14/2023 06:45~AGP~06/14/2023 09:30~~,FR 1916,2023-06-14T06:45:00.000,2023-06-14T09:30:00.000
Brussels (Charleroi),Malaga,2023-06-17T00:00:00.000,75.7,02:45,4,FR~1916~ ~~CRL~06/17/2023 13:35~AGP~06/17/2023 16:20~~,FR 1916,2023-06-17T13:35:00.000,2023-06-17T16:20:00.000
Brussels (Charleroi),Malaga,2023-06-18T00:00:00.000,53.74,02:45,-1,FR~1916~ ~~CRL~06/18/2023 21:30~AGP~06/19/2023 00:15~~,FR 1916,2023-06-18T21:30:00.000,2023-06-19T00:15:00.000
Brussels (Charleroi),Malaga,2023-06-19T00:00:00.000,87.24,02:45,1,FR~1916~ ~~CRL~06/19/2023 19:20~AGP~06/19/2023 22:05~~,FR 1916,2023-06-19T19:20:00.000,2023-06-19T22:05:00.000
Brussels (Charleroi),Malaga,2023-06-21T00:00:00.000,84.62,02:45,4,FR~1916~ ~~CRL~06/21/2023 06:45~AGP~06/21/2023 09:30~~,FR 1916,2023-06-21T06:45:00.000,2023-06-21T09:30:00.000
Brussels,Malaga,2023-06-25T00:00:00.000,122.06,02:55,4,FR~2923~ ~~BRU~06/25/2023 09:55~AGP~06/25/2023 12:50~~,FR 2923,2023-06-25T09:55:00.000,2023-06-25T12:50:00.000
Brussels (Charleroi),Malaga,2023-06-25T00:00:00.000,111.74,02:45,-1,FR~1916~ ~~CRL~06/25/2023 21:30~AGP~06/26/2023 00:15~~,FR 1916,2023-06-25T21:30:00.000,2023-06-26T00:15:00.000
Brussels (Charleroi),Malaga,2023-06-27T00:00:00.000,97.99,02:45,-1,FR~1916~ ~~CRL~06/27/2023 16:00~AGP~06/27/2023 18:45~~,FR 1916,2023-06-27T16:00:00.000,2023-06-27T18:45:00.000
Brussels (Charleroi),Malaga,2023-07-03T00:00:00.000,154.09,02:45,1,FR~1916~ ~~CRL~07/03/2023 19:20~AGP~07/03/2023 22:05~~,FR 1916,2023-07-03T19:20:00.000,2023-07-03T22:05:00.000
Brussels (Charleroi),Malaga,2023-07-05T00:00:00.000,152.92,02:45,1,FR~1916~ ~~CRL~07/05/2023 06:45~AGP~07/05/2023 09:30~~,FR 1916,2023-07-05T06:45:00.000,2023-07-05T09:30:00.000
Brussels (Charleroi),Malaga,2023-07-16T00:00:00.000,193.49,02:45,-1,FR~1916~ ~~CRL~07/16/2023 21:30~AGP~07/17/2023 00:15~~,FR 1916,2023-07-16T21:30:00.000,2023-07-17T00:15:00.000
Brussels (Charleroi),Malaga,2023-07-17T00:00:00.000,177.79,02:45,4,FR~1916~ ~~CRL~07/17/2023 19:20~AGP~07/17/2023 22:05~~,FR 1916,2023-07-17T19:20:00.000,2023-07-17T22:05:00.000
Brussels,Malaga,2023-07-19T00:00:00.000,237.72,02:55,-1,FR~2923~ ~~BRU~07/19/2023 10:05~AGP~07/19/2023 13:00~~,FR 2923,2023-07-19T10:05:00.000,2023-07-19T13:00:00.000
Brussels (Charleroi),Malaga,2023-07-19T00:00:00.000,205.49,02:45,-1,FR~1916~ ~~CRL~07/19/2023 06:45~AGP~07/19/2023 09:30~~,FR 1916,2023-07-19T06:45:00.000,2023-07-19T09:30:00.000
Brussels (Charleroi),Malaga,2023-07-21T00:00:00.000,272.19,02:45,5,FR~1928~ ~~CRL~07/21/2023 10:00~AGP~07/21/2023 12:45~~,FR 1928,2023-07-21T10:00:00.000,2023-07-21T12:45:00.000
Brussels (Charleroi),Malaga,2023-07-21T00:00:00.000,117.84,02:45,2,FR~1916~ ~~CRL~07/21/2023 20:55~AGP~07/21/2023 23:40~~,FR 1916,2023-07-21T20:55:00.000,2023-07-21T23:40:00.000
Brussels (Charleroi),Malaga,2023-07-22T00:00:00.000,240.69,02:45,4,FR~1916~ ~~CRL~07/22/2023 13:35~AGP~07/22/2023 16:20~~,FR 1916,2023-07-22T13:35:00.000,2023-07-22T16:20:00.000
Brussels (Charleroi),Malaga,2023-07-25T00:00:00.000,155.39,02:45,4,FR~1916~ ~~CRL~07/25/2023 16:00~AGP~07/25/2023 18:45~~,FR 1916,2023-07-25T16:00:00.000,2023-07-25T18:45:00.000
Brussels,Malaga,2023-07-26T00:00:00.000,140.76,02:55,-1,FR~2923~ ~~BRU~07/26/2023 10:05~AGP~07/26/2023 13:00~~,FR 2923,2023-07-26T10:05:00.000,2023-07-26T13:00:00.000
Brussels (Charleroi),Malaga,2023-07-26T00:00:00.000,133.54,02:45,1,FR~1916~ ~~CRL~07/26/2023 06:45~AGP~07/26/2023 09:30~~,FR 1916,2023-07-26T06:45:00.000,2023-07-26T09:30:00.000
Brussels (Charleroi),Malaga,2023-07-28T00:00:00.000,174.99,02:45,-1,FR~1928~ ~~CRL~07/28/2023 10:00~AGP~07/28/2023 12:45~~,FR 1928,2023-07-28T10:00:00.000,2023-07-28T12:45:00.000
Brussels (Charleroi),Malaga,2023-07-28T00:00:00.000,206.49,02:45,-1,FR~1916~ ~~CRL~07/28/2023 20:55~AGP~07/28/2023 23:40~~,FR 1916,2023-07-28T20:55:00.000,2023-07-28T23:40:00.000
Brussels (Charleroi),Malaga,2023-07-29T00:00:00.000,203.99,02:45,-1,FR~1916~ ~~CRL~07/29/2023 13:35~AGP~07/29/2023 16:20~~,FR 1916,2023-07-29T13:35:00.000,2023-07-29T16:20:00.000
Brussels (Charleroi),Malaga,2023-07-30T00:00:00.000,167.99,02:45,-1,FR~1916~ ~~CRL~07/30/2023 21:30~AGP~07/31/2023 00:15~~,FR 1916,2023-07-30T21:30:00.000,2023-07-31T00:15:00.000
Brussels,Malaga,2023-07-31T00:00:00.000,184.73,02:50,3,FR~2923~ ~~BRU~07/31/2023 17:40~AGP~07/31/2023 20:30~~,FR 2923,2023-07-31T17:40:00.000,2023-07-31T20:30:00.000
Brussels (Charleroi),Malaga,2023-08-01T00:00:00.000,225.79,02:45,-1,FR~1916~ ~~CRL~08/01/2023 16:00~AGP~08/01/2023 18:45~~,FR 1916,2023-08-01T16:00:00.000,2023-08-01T18:45:00.000
Brussels,Malaga,2023-08-06T00:00:00.000,137.43,02:55,-1,FR~2923~ ~~BRU~08/06/2023 09:55~AGP~08/06/2023 12:50~~,FR 2923,2023-08-06T09:55:00.000,2023-08-06T12:50:00.000
Brussels (Charleroi),Malaga,2023-08-06T00:00:00.000,97.79,02:45,-1,FR~1916~ ~~CRL~08/06/2023 21:30~AGP~08/07/2023 00:15~~,FR 1916,2023-08-06T21:30:00.000,2023-08-07T00:15:00.000
Brussels (Charleroi),Malaga,2023-08-07T00:00:00.000,87.99,02:45,3,FR~1916~ ~~CRL~08/07/2023 19:20~AGP~08/07/2023 22:05~~,FR 1916,2023-08-07T19:20:00.000,2023-08-07T22:05:00.000
Brussels (Charleroi),Malaga,2023-08-08T00:00:00.000,130.45,02:45,1,FR~1916~ ~~CRL~08/08/2023 16:00~AGP~08/08/2023 18:45~~,FR 1916,2023-08-08T16:00:00.000,2023-08-08T18:45:00.000
Brussels,Malaga,2023-08-09T00:00:00.000,101.88,02:55,4,FR~2923~ ~~BRU~08/09/2023 10:05~AGP~08/09/2023 13:00~~,FR 2923,2023-08-09T10:05:00.000,2023-08-09T13:00:00.000
Brussels (Charleroi),Malaga,2023-08-10T00:00:00.000,101.39,02:45,1,FR~1916~ ~~CRL~08/10/2023 17:30~AGP~08/10/2023 20:15~~,FR 1916,2023-08-10T17:30:00.000,2023-08-10T20:15:00.000
Brussels,Malaga,2023-08-13T00:00:00.000,145.11,02:55,-1,FR~2923~ ~~BRU~08/13/2023 09:55~AGP~08/13/2023 12:50~~,FR 2923,2023-08-13T09:55:00.000,2023-08-13T12:50:00.000
Brussels (Charleroi),Malaga,2023-08-13T00:00:00.000,65.89,02:45,-1,FR~1916~ ~~CRL~08/13/2023 21:30~AGP~08/14/2023 00:15~~,FR 1916,2023-08-13T21:30:00.000,2023-08-14T00:15:00.000
Brussels,Malaga,2023-08-14T00:00:00.000,44.57,02:50,-1,FR~2923~ ~~BRU~08/14/2023 17:40~AGP~08/14/2023 20:30~~,FR 2923,2023-08-14T17:40:00.000,2023-08-14T20:30:00.000
Brussels (Charleroi),Malaga,2023-08-17T00:00:00.000,44.03,02:45,1,FR~1916~ ~~CRL~08/17/2023 17:30~AGP~08/17/2023 20:15~~,FR 1916,2023-08-17T17:30:00.000,2023-08-17T20:15:00.000
Brussels (Charleroi),Malaga,2023-08-18T00:00:00.000,46.59,02:45,2,FR~1928~ ~~CRL~08/18/2023 10:00~AGP~08/18/2023 12:45~~,FR 1928,2023-08-18T10:00:00.000,2023-08-18T12:45:00.000
Brussels (Charleroi),Malaga,2023-08-18T00:00:00.000,41.19,02:45,4,FR~1916~ ~~CRL~08/18/2023 20:55~AGP~08/18/2023 23:40~~,FR 1916,2023-08-18T20:55:00.000,2023-08-18T23:40:00.000
Brussels,Malaga,2023-08-20T00:00:00.000,53.17,02:55,-1,FR~2923~ ~~BRU~08/20/2023 09:55~AGP~08/20/2023 12:50~~,FR 2923,2023-08-20T09:55:00.000,2023-08-20T12:50:00.000
Brussels (Charleroi),Malaga,2023-08-20T00:00:00.000,35.88,02:45,5,FR~1916~ ~~CRL~08/20/2023 21:30~AGP~08/21/2023 00:15~~,FR 1916,2023-08-20T21:30:00.000,2023-08-21T00:15:00.000
Brussels,Malaga,2023-08-21T00:00:00.000,45.11,02:50,-1,FR~2923~ ~~BRU~08/21/2023 17:40~AGP~08/21/2023 20:30~~,FR 2923,2023-08-21T17:40:00.000,2023-08-21T20:30:00.000
Brussels (Charleroi),Malaga,2023-08-21T00:00:00.000,57.59,02:45,2,FR~1916~ ~~CRL~08/21/2023 19:20~AGP~08/21/2023 22:05~~,FR 1916,2023-08-21T19:20:00.000,2023-08-21T22:05:00.000
Brussels (Charleroi),Malaga,2023-08-22T00:00:00.000,35.63,02:45,-1,FR~1916~ ~~CRL~08/22/2023 16:00~AGP~08/22/2023 18:45~~,FR 1916,2023-08-22T16:00:00.000,2023-08-22T18:45:00.000
Brussels,Malaga,2023-08-23T00:00:00.000,48.01,02:55,-1,FR~2923~ ~~BRU~08/23/2023 10:05~AGP~08/23/2023 13:00~~,FR 2923,2023-08-23T10:05:00.000,2023-08-23T13:00:00.000
Brussels (Charleroi),Malaga,2023-08-24T00:00:00.000,47.84,02:45,2,FR~1916~ ~~CRL~08/24/2023 17:30~AGP~08/24/2023 20:15~~,FR 1916,2023-08-24T17:30:00.000,2023-08-24T20:15:00.000
Brussels (Charleroi),Malaga,2023-08-26T00:00:00.000,76.39,02:45,-1,FR~1916~ ~~CRL~08/26/2023 13:35~AGP~08/26/2023 16:20~~,FR 1916,2023-08-26T13:35:00.000,2023-08-26T16:20:00.000
Brussels (Charleroi),Malaga,2023-08-30T00:00:00.000,56.94,02:45,2,FR~1916~ ~~CRL~08/30/2023 06:45~AGP~08/30/2023 09:30~~,FR 1916,2023-08-30T06:45:00.000,2023-08-30T09:30:00.000
Brussels (Charleroi),Malaga,2023-09-02T00:00:00.000,109.49,02:45,-1,FR~1916~ ~~CRL~09/02/2023 13:35~AGP~09/02/2023 16:20~~,FR 1916,2023-09-02T13:35:00.000,2023-09-02T16:20:00.000
Brussels,Malaga,2023-09-03T00:00:00.000,94.17,02:55,4,FR~2923~ ~~BRU~09/03/2023 09:55~AGP~09/03/2023 12:50~~,FR 2923,2023-09-03T09:55:00.000,2023-09-03T12:50:00.000
Brussels,Malaga,2023-09-04T00:00:00.000,82.57,02:50,4,FR~2923~ ~~BRU~09/04/2023 17:40~AGP~09/04/2023 20:30~~,FR 2923,2023-09-04T17:40:00.000,2023-09-04T20:30:00.000
Brussels (Charleroi),Malaga,2023-09-04T00:00:00.000,50.99,02:45,-1,FR~1916~ ~~CRL~09/04/2023 19:20~AGP~09/04/2023 22:05~~,FR 1916,2023-09-04T19:20:00.000,2023-09-04T22:05:00.000
Brussels (Charleroi),Malaga,2023-09-05T00:00:00.000,67.12,02:45,3,FR~1916~ ~~CRL~09/05/2023 16:00~AGP~09/05/2023 18:45~~,FR 1916,2023-09-05T16:00:00.000,2023-09-05T18:45:00.000
Brussels,Malaga,2023-09-06T00:00:00.000,96.99,02:55,-1,FR~2923~ ~~BRU~09/06/2023 10:05~AGP~09/06/2023 13:00~~,FR 2923,2023-09-06T10:05:00.000,2023-09-06T13:00:00.000
Brussels (Charleroi),Malaga,2023-09-12T00:00:00.000,88.74,02:45,5,FR~1916~ ~~CRL~09/12/2023 16:00~AGP~09/12/2023 18:45~~,FR 1916,2023-09-12T16:00:00.000,2023-09-12T18:45:00.000
Brussels,Malaga,2023-09-13T00:00:00.000,106.77,02:55,-1,FR~2923~ ~~BRU~09/13/2023 10:05~AGP~09/13/2023 13:00~~,FR 2923,2023-09-13T10:05:00.000,2023-09-13T13:00:00.000
Brussels (Charleroi),Malaga,2023-09-13T00:00:00.000,90.99,02:45,1,FR~1916~ ~~CRL~09/13/2023 06:45~AGP~09/13/2023 09:30~~,FR 1916,2023-09-13T06:45:00.000,2023-09-13T09:30:00.000
Brussels (Charleroi),Malaga,2023-09-14T00:00:00.000,99.8,02:45,3,FR~1916~ ~~CRL~09/14/2023 17:30~AGP~09/14/2023 20:15~~,FR 1916,2023-09-14T17:30:00.000,2023-09-14T20:15:00.000
Brussels (Charleroi),Malaga,2023-09-16T00:00:00.000,114.89,02:45,5,FR~1916~ ~~CRL~09/16/2023 13:35~AGP~09/16/2023 16:20~~,FR 1916,2023-09-16T13:35:00.000,2023-09-16T16:20:00.000
Brussels (Charleroi),Malaga,2023-09-17T00:00:00.000,75.7,02:45,-1,FR~1916~ ~~CRL~09/17/2023 21:30~AGP~09/18/2023 00:15~~,FR 1916,2023-09-17T21:30:00.000,2023-09-18T00:15:00.000
Brussels,Malaga,2023-09-18T00:00:00.000,84.99,02:50,3,FR~2923~ ~~BRU~09/18/2023 17:40~AGP~09/18/2023 20:30~~,FR 2923,2023-09-18T17:40:00.000,2023-09-18T20:30:00.000
Brussels (Charleroi),Malaga,2023-09-18T00:00:00.000,66.49,02:45,1,FR~1916~ ~~CRL~09/18/2023 19:20~AGP~09/18/2023 22:05~~,FR 1916,2023-09-18T19:20:00.000,2023-09-18T22:05:00.000
Brussels,Malaga,2023-09-20T00:00:00.000,111.99,02:55,-1,FR~2923~ ~~BRU~09/20/2023 10:05~AGP~09/20/2023 13:00~~,FR 2923,2023-09-20T10:05:00.000,2023-09-20T13:00:00.000
Brussels (Charleroi),Malaga,2023-09-20T00:00:00.000,88.74,02:45,2,FR~1916~ ~~CRL~09/20/2023 06:45~AGP~09/20/2023 09:30~~,FR 1916,2023-09-20T06:45:00.000,2023-09-20T09:30:00.000
Brussels (Charleroi),Malaga,2023-09-21T00:00:00.000,82.74,02:45,4,FR~1916~ ~~CRL~09/21/2023 17:30~AGP~09/21/2023 20:15~~,FR 1916,2023-09-21T17:30:00.000,2023-09-21T20:15:00.000
Brussels (Charleroi),Malaga,2023-09-24T00:00:00.000,42.15,02:45,1,FR~1916~ ~~CRL~09/24/2023 21:30~AGP~09/25/2023 00:15~~,FR 1916,2023-09-24T21:30:00.000,2023-09-25T00:15:00.000
Brussels (Charleroi),Malaga,2023-09-25T00:00:00.000,36.83,02:45,1,FR~1931~ ~~CRL~09/25/2023 06:40~AGP~09/25/2023 09:25~~,FR 1931,2023-09-25T06:40:00.000,2023-09-25T09:25:00.000
Brussels (Charleroi),Malaga,2023-09-25T00:00:00.000,34.59,02:45,5,FR~1916~ ~~CRL~09/25/2023 19:20~AGP~09/25/2023 22:05~~,FR 1916,2023-09-25T19:20:00.000,2023-09-25T22:05:00.000
Brussels,Malaga,2023-09-27T00:00:00.000,47.58,02:55,5,FR~2923~ ~~BRU~09/27/2023 10:05~AGP~09/27/2023 13:00~~,FR 2923,2023-09-27T10:05:00.000,2023-09-27T13:00:00.000
Brussels (Charleroi),Malaga,2023-09-29T00:00:00.000,100.59,02:45,-1,FR~1928~ ~~CRL~09/29/2023 10:00~AGP~09/29/2023 12:45~~,FR 1928,2023-09-29T10:00:00.000,2023-09-29T12:45:00.000
Brussels (Charleroi),Malaga,2023-09-29T00:00:00.000,66.49,02:45,2,FR~1916~ ~~CRL~09/29/2023 20:55~AGP~09/29/2023 23:40~~,FR 1916,2023-09-29T20:55:00.000,2023-09-29T23:40:00.000
Brussels (Charleroi),Malaga,2023-09-30T00:00:00.000,134.64,02:45,3,FR~1916~ ~~CRL~09/30/2023 13:35~AGP~09/30/2023 16:20~~,FR 1916,2023-09-30T13:35:00.000,2023-09-30T16:20:00.000
Brussels,Malaga,2023-10-01T00:00:00.000,116.57,02:55,-1,FR~2923~ ~~BRU~10/01/2023 09:55~AGP~10/01/2023 12:50~~,FR 2923,2023-10-01T09:55:00.000,2023-10-01T12:50:00.000
Brussels (Charleroi),Mallorca,2023-04-27T00:00:00.000,None,02:10,0,FR~7831~ ~~CRL~04/27/2023 17:45~PMI~04/27/2023 19:55~~,FR 7831,2023-04-27T17:45:00.000,2023-04-27T19:55:00.000
Brussels,Mallorca,2023-05-03T00:00:00.000,156.44,02:15,2,FR~2915~ ~~BRU~05/03/2023 17:25~PMI~05/03/2023 19:40~~,FR 2915,2023-05-03T17:25:00.000,2023-05-03T19:40:00.000
Brussels,Mallorca,2023-05-05T00:00:00.000,135.69,02:15,1,FR~2915~ ~~BRU~05/05/2023 11:00~PMI~05/05/2023 13:15~~,FR 2915,2023-05-05T11:00:00.000,2023-05-05T13:15:00.000
Brussels (Charleroi),Mallorca,2023-05-06T00:00:00.000,82.74,02:10,5,FR~7831~ ~~CRL~05/06/2023 17:20~PMI~05/06/2023 19:30~~,FR 7831,2023-05-06T17:20:00.000,2023-05-06T19:30:00.000
Brussels (Charleroi),Mallorca,2023-05-09T00:00:00.000,65.24,02:10,4,FR~7831~ ~~CRL~05/09/2023 06:35~PMI~05/09/2023 08:45~~,FR 7831,2023-05-09T06:35:00.000,2023-05-09T08:45:00.000
Brussels (Charleroi),Mallorca,2023-05-10T00:00:00.000,55.12,02:10,-1,FR~7831~ ~~CRL~05/10/2023 06:55~PMI~05/10/2023 09:05~~,FR 7831,2023-05-10T06:55:00.000,2023-05-10T09:05:00.000
Brussels,Mallorca,2023-05-12T00:00:00.000,132.94,02:15,5,FR~2915~ ~~BRU~05/12/2023 11:00~PMI~05/12/2023 13:15~~,FR 2915,2023-05-12T11:00:00.000,2023-05-12T13:15:00.000
Brussels (Charleroi),Mallorca,2023-05-13T00:00:00.000,133.59,02:10,4,FR~7831~ ~~CRL~05/13/2023 17:20~PMI~05/13/2023 19:30~~,FR 7831,2023-05-13T17:20:00.000,2023-05-13T19:30:00.000
Brussels,Mallorca,2023-05-15T00:00:00.000,98.24,02:15,3,FR~2915~ ~~BRU~05/15/2023 20:25~PMI~05/15/2023 22:40~~,FR 2915,2023-05-15T20:25:00.000,2023-05-15T22:40:00.000
Brussels (Charleroi),Mallorca,2023-05-15T00:00:00.000,145.87,02:10,-1,FR~7831~ ~~CRL~05/15/2023 08:55~PMI~05/15/2023 11:05~~,FR 7831,2023-05-15T08:55:00.000,2023-05-15T11:05:00.000
Brussels,Mallorca,2023-05-17T00:00:00.000,272.19,02:15,5,FR~2915~ ~~BRU~05/17/2023 17:25~PMI~05/17/2023 19:40~~,FR 2915,2023-05-17T17:25:00.000,2023-05-17T19:40:00.000
Brussels (Charleroi),Mallorca,2023-05-17T00:00:00.000,111.54,02:10,1,FR~7831~ ~~CRL~05/17/2023 06:55~PMI~05/17/2023 09:05~~,FR 7831,2023-05-17T06:55:00.000,2023-05-17T09:05:00.000
Brussels (Charleroi),Mallorca,2023-05-18T00:00:00.000,219.69,02:10,5,FR~7831~ ~~CRL~05/18/2023 16:50~PMI~05/18/2023 19:00~~,FR 7831,2023-05-18T16:50:00.000,2023-05-18T19:00:00.000
Brussels,Mallorca,2023-05-22T00:00:00.000,48.56,02:15,3,FR~2915~ ~~BRU~05/22/2023 20:25~PMI~05/22/2023 22:40~~,FR 2915,2023-05-22T20:25:00.000,2023-05-22T22:40:00.000
Brussels,Mallorca,2023-05-24T00:00:00.000,86.49,02:15,-1,FR~2915~ ~~BRU~05/24/2023 17:25~PMI~05/24/2023 19:40~~,FR 2915,2023-05-24T17:25:00.000,2023-05-24T19:40:00.000
Brussels (Charleroi),Mallorca,2023-05-24T00:00:00.000,35.4,02:10,5,FR~7831~ ~~CRL~05/24/2023 06:55~PMI~05/24/2023 09:05~~,FR 7831,2023-05-24T06:55:00.000,2023-05-24T09:05:00.000
Brussels (Charleroi),Mallorca,2023-05-25T00:00:00.000,128.87,02:10,3,FR~7831~ ~~CRL~05/25/2023 16:50~PMI~05/25/2023 19:00~~,FR 7831,2023-05-25T16:50:00.000,2023-05-25T19:00:00.000
Brussels (Charleroi),Mallorca,2023-05-30T00:00:00.000,44.87,02:10,3,FR~7831~ ~~CRL~05/30/2023 06:35~PMI~05/30/2023 08:45~~,FR 7831,2023-05-30T06:35:00.000,2023-05-30T08:45:00.000
Brussels (Charleroi),Mallorca,2023-06-01T00:00:00.000,101.39,02:10,3,FR~7831~ ~~CRL~06/01/2023 16:50~PMI~06/01/2023 19:00~~,FR 7831,2023-06-01T16:50:00.000,2023-06-01T19:00:00.000
Brussels,Mallorca,2023-06-02T00:00:00.000,172.49,02:15,5,FR~2915~ ~~BRU~06/02/2023 11:00~PMI~06/02/2023 13:15~~,FR 2915,2023-06-02T11:00:00.000,2023-06-02T13:15:00.000
Brussels (Charleroi),Mallorca,2023-06-03T00:00:00.000,63.68,02:10,5,FR~7831~ ~~CRL~06/03/2023 17:20~PMI~06/03/2023 19:30~~,FR 7831,2023-06-03T17:20:00.000,2023-06-03T19:30:00.000
Brussels,Mallorca,2023-06-05T00:00:00.000,26.76,02:15,-1,FR~2915~ ~~BRU~06/05/2023 20:25~PMI~06/05/2023 22:40~~,FR 2915,2023-06-05T20:25:00.000,2023-06-05T22:40:00.000
Brussels (Charleroi),Mallorca,2023-06-05T00:00:00.000,63.68,02:10,2,FR~7831~ ~~CRL~06/05/2023 08:55~PMI~06/05/2023 11:05~~,FR 7831,2023-06-05T08:55:00.000,2023-06-05T11:05:00.000
Brussels (Charleroi),Mallorca,2023-06-08T00:00:00.000,65.19,02:10,-1,FR~7831~ ~~CRL~06/08/2023 16:50~PMI~06/08/2023 19:00~~,FR 7831,2023-06-08T16:50:00.000,2023-06-08T19:00:00.000
Brussels (Charleroi),Mallorca,2023-06-10T00:00:00.000,37.73,02:10,-1,FR~7831~ ~~CRL~06/10/2023 17:20~PMI~06/10/2023 19:30~~,FR 7831,2023-06-10T17:20:00.000,2023-06-10T19:30:00.000
Brussels,Mallorca,2023-06-12T00:00:00.000,41.19,02:15,4,FR~2915~ ~~BRU~06/12/2023 20:25~PMI~06/12/2023 22:40~~,FR 2915,2023-06-12T20:25:00.000,2023-06-12T22:40:00.000
Brussels (Charleroi),Mallorca,2023-06-12T00:00:00.000,75.7,02:10,4,FR~7831~ ~~CRL~06/12/2023 08:55~PMI~06/12/2023 11:05~~,FR 7831,2023-06-12T08:55:00.000,2023-06-12T11:05:00.000
Brussels (Charleroi),Mallorca,2023-06-13T00:00:00.000,24.99,02:10,-1,FR~7831~ ~~CRL~06/13/2023 06:35~PMI~06/13/2023 08:45~~,FR 7831,2023-06-13T06:35:00.000,2023-06-13T08:45:00.000
Brussels (Charleroi),Mallorca,2023-06-14T00:00:00.000,36.52,02:10,2,FR~7831~ ~~CRL~06/14/2023 06:55~PMI~06/14/2023 09:05~~,FR 7831,2023-06-14T06:55:00.000,2023-06-14T09:05:00.000
Brussels (Charleroi),Mallorca,2023-06-17T00:00:00.000,84.62,02:10,4,FR~7831~ ~~CRL~06/17/2023 17:20~PMI~06/17/2023 19:30~~,FR 7831,2023-06-17T17:20:00.000,2023-06-17T19:30:00.000
Brussels (Charleroi),Mallorca,2023-06-20T00:00:00.000,57.05,02:10,1,FR~7831~ ~~CRL~06/20/2023 06:35~PMI~06/20/2023 08:45~~,FR 7831,2023-06-20T06:35:00.000,2023-06-20T08:45:00.000
Brussels,Mallorca,2023-06-21T00:00:00.000,42.15,02:15,5,FR~2915~ ~~BRU~06/21/2023 17:25~PMI~06/21/2023 19:40~~,FR 2915,2023-06-21T17:25:00.000,2023-06-21T19:40:00.000
Brussels (Charleroi),Mallorca,2023-06-21T00:00:00.000,84.62,02:10,-1,FR~7831~ ~~CRL~06/21/2023 06:55~PMI~06/21/2023 09:05~~,FR 7831,2023-06-21T06:55:00.000,2023-06-21T09:05:00.000
Brussels,Mallorca,2023-06-23T00:00:00.000,128.87,02:15,-1,FR~2915~ ~~BRU~06/23/2023 11:00~PMI~06/23/2023 13:15~~,FR 2915,2023-06-23T11:00:00.000,2023-06-23T13:15:00.000
Brussels,Mallorca,2023-06-26T00:00:00.000,42.09,02:15,5,FR~2915~ ~~BRU~06/26/2023 20:25~PMI~06/26/2023 22:40~~,FR 2915,2023-06-26T20:25:00.000,2023-06-26T22:40:00.000
Brussels (Charleroi),Mallorca,2023-06-27T00:00:00.000,76.7,02:10,3,FR~7831~ ~~CRL~06/27/2023 06:35~PMI~06/27/2023 08:45~~,FR 7831,2023-06-27T06:35:00.000,2023-06-27T08:45:00.000
Brussels,Mallorca,2023-06-28T00:00:00.000,76.7,02:15,4,FR~2915~ ~~BRU~06/28/2023 17:25~PMI~06/28/2023 19:40~~,FR 2915,2023-06-28T17:25:00.000,2023-06-28T19:40:00.000
Brussels (Charleroi),Mallorca,2023-06-29T00:00:00.000,99.8,02:10,2,FR~7831~ ~~CRL~06/29/2023 16:50~PMI~06/29/2023 19:00~~,FR 7831,2023-06-29T16:50:00.000,2023-06-29T19:00:00.000
Brussels (Charleroi),Mallorca,2023-07-01T00:00:00.000,115.79,02:10,5,FR~7831~ ~~CRL~07/01/2023 17:20~PMI~07/01/2023 19:30~~,FR 7831,2023-07-01T17:20:00.000,2023-07-01T19:30:00.000
Brussels,Mallorca,2023-07-03T00:00:00.000,117.84,02:15,4,FR~2915~ ~~BRU~07/03/2023 20:25~PMI~07/03/2023 22:40~~,FR 2915,2023-07-03T20:25:00.000,2023-07-03T22:40:00.000
Brussels,Mallorca,2023-07-05T00:00:00.000,133.59,02:15,-1,FR~2915~ ~~BRU~07/05/2023 17:25~PMI~07/05/2023 19:40~~,FR 2915,2023-07-05T17:25:00.000,2023-07-05T19:40:00.000
Brussels (Charleroi),Mallorca,2023-07-05T00:00:00.000,86.99,02:10,-1,FR~7831~ ~~CRL~07/05/2023 06:55~PMI~07/05/2023 09:05~~,FR 7831,2023-07-05T06:55:00.000,2023-07-05T09:05:00.000
Brussels (Charleroi),Mallorca,2023-07-06T00:00:00.000,154.09,02:10,5,FR~7831~ ~~CRL~07/06/2023 16:50~PMI~07/06/2023 19:00~~,FR 7831,2023-07-06T16:50:00.000,2023-07-06T19:00:00.000
Brussels,Mallorca,2023-07-07T00:00:00.000,234.79,02:15,-1,FR~2915~ ~~BRU~07/07/2023 11:00~PMI~07/07/2023 13:15~~,FR 2915,2023-07-07T11:00:00.000,2023-07-07T13:15:00.000
Brussels (Charleroi),Mallorca,2023-07-08T00:00:00.000,145.87,02:10,-1,FR~7831~ ~~CRL~07/08/2023 17:20~PMI~07/08/2023 19:30~~,FR 7831,2023-07-08T17:20:00.000,2023-07-08T19:30:00.000
Brussels (Charleroi),Mallorca,2023-07-10T00:00:00.000,181.49,02:10,-1,FR~7831~ ~~CRL~07/10/2023 08:55~PMI~07/10/2023 11:05~~,FR 7831,2023-07-10T08:55:00.000,2023-07-10T11:05:00.000
Brussels (Charleroi),Mallorca,2023-07-12T00:00:00.000,132.54,02:10,4,FR~7831~ ~~CRL~07/12/2023 06:55~PMI~07/12/2023 09:05~~,FR 7831,2023-07-12T06:55:00.000,2023-07-12T09:05:00.000
Brussels (Charleroi),Mallorca,2023-07-13T00:00:00.000,134.12,02:10,2,FR~7831~ ~~CRL~07/13/2023 16:50~PMI~07/13/2023 19:00~~,FR 7831,2023-07-13T16:50:00.000,2023-07-13T19:00:00.000
Brussels (Charleroi),Mallorca,2023-07-14T00:00:00.000,132.54,02:00,2,FR~7831~ ~~CRL~07/14/2023 19:00~PMI~07/14/2023 21:00~~,FR 7831,2023-07-14T19:00:00.000,2023-07-14T21:00:00.000
Brussels (Charleroi),Mallorca,2023-07-15T00:00:00.000,128.87,02:10,2,FR~7831~ ~~CRL~07/15/2023 17:20~PMI~07/15/2023 19:30~~,FR 7831,2023-07-15T17:20:00.000,2023-07-15T19:30:00.000
Brussels (Charleroi),Mallorca,2023-07-16T00:00:00.000,173.99,02:10,1,FR~7831~ ~~CRL~07/16/2023 09:35~PMI~07/16/2023 11:45~~,FR 7831,2023-07-16T09:35:00.000,2023-07-16T11:45:00.000
Brussels,Mallorca,2023-07-17T00:00:00.000,152.92,02:15,-1,FR~2915~ ~~BRU~07/17/2023 20:25~PMI~07/17/2023 22:40~~,FR 2915,2023-07-17T20:25:00.000,2023-07-17T22:40:00.000
Brussels,Mallorca,2023-07-19T00:00:00.000,145.87,02:15,4,FR~2915~ ~~BRU~07/19/2023 17:25~PMI~07/19/2023 19:40~~,FR 2915,2023-07-19T17:25:00.000,2023-07-19T19:40:00.000
Brussels (Charleroi),Mallorca,2023-07-20T00:00:00.000,128.87,02:10,2,FR~7831~ ~~CRL~07/20/2023 16:50~PMI~07/20/2023 19:00~~,FR 7831,2023-07-20T16:50:00.000,2023-07-20T19:00:00.000
Brussels,Mallorca,2023-07-21T00:00:00.000,202.49,02:15,3,FR~2915~ ~~BRU~07/21/2023 11:00~PMI~07/21/2023 13:15~~,FR 2915,2023-07-21T11:00:00.000,2023-07-21T13:15:00.000
Brussels (Charleroi),Mallorca,2023-07-28T00:00:00.000,129.87,02:00,-1,FR~7831~ ~~CRL~07/28/2023 19:00~PMI~07/28/2023 21:00~~,FR 7831,2023-07-28T19:00:00.000,2023-07-28T21:00:00.000
Brussels (Charleroi),Mallorca,2023-07-29T00:00:00.000,154.09,02:10,1,FR~7831~ ~~CRL~07/29/2023 17:20~PMI~07/29/2023 19:30~~,FR 7831,2023-07-29T17:20:00.000,2023-07-29T19:30:00.000
Brussels (Charleroi),Mallorca,2023-07-31T00:00:00.000,97.79,02:10,2,FR~7831~ ~~CRL~07/31/2023 08:30~PMI~07/31/2023 10:40~~,FR 7831,2023-07-31T08:30:00.000,2023-07-31T10:40:00.000
Brussels,Mallorca,2023-08-02T00:00:00.000,130.45,02:15,-1,FR~2915~ ~~BRU~08/02/2023 17:25~PMI~08/02/2023 19:40~~,FR 2915,2023-08-02T17:25:00.000,2023-08-02T19:40:00.000
Brussels (Charleroi),Mallorca,2023-08-02T00:00:00.000,194.99,02:10,5,FR~7831~ ~~CRL~08/02/2023 06:55~PMI~08/02/2023 09:05~~,FR 7831,2023-08-02T06:55:00.000,2023-08-02T09:05:00.000
Brussels (Charleroi),Mallorca,2023-08-03T00:00:00.000,127.29,02:10,-1,FR~7831~ ~~CRL~08/03/2023 16:50~PMI~08/03/2023 19:00~~,FR 7831,2023-08-03T16:50:00.000,2023-08-03T19:00:00.000
Brussels (Charleroi),Mallorca,2023-08-04T00:00:00.000,117.84,02:00,-1,FR~7831~ ~~CRL~08/04/2023 19:00~PMI~08/04/2023 21:00~~,FR 7831,2023-08-04T19:00:00.000,2023-08-04T21:00:00.000
Brussels (Charleroi),Mallorca,2023-08-05T00:00:00.000,153.99,02:10,-1,FR~7831~ ~~CRL~08/05/2023 17:20~PMI~08/05/2023 19:30~~,FR 7831,2023-08-05T17:20:00.000,2023-08-05T19:30:00.000
Brussels (Charleroi),Mallorca,2023-08-07T00:00:00.000,115.79,02:10,-1,FR~7831~ ~~CRL~08/07/2023 08:30~PMI~08/07/2023 10:40~~,FR 7831,2023-08-07T08:30:00.000,2023-08-07T10:40:00.000
Brussels (Charleroi),Mallorca,2023-08-09T00:00:00.000,90.99,02:10,-1,FR~7831~ ~~CRL~08/09/2023 06:55~PMI~08/09/2023 09:05~~,FR 7831,2023-08-09T06:55:00.000,2023-08-09T09:05:00.000
Brussels (Charleroi),Mallorca,2023-08-17T00:00:00.000,31.51,02:10,4,FR~7831~ ~~CRL~08/17/2023 16:50~PMI~08/17/2023 19:00~~,FR 7831,2023-08-17T16:50:00.000,2023-08-17T19:00:00.000
Brussels (Charleroi),Mallorca,2023-08-18T00:00:00.000,32.99,02:00,-1,FR~7831~ ~~CRL~08/18/2023 19:00~PMI~08/18/2023 21:00~~,FR 7831,2023-08-18T19:00:00.000,2023-08-18T21:00:00.000
Brussels (Charleroi),Mallorca,2023-08-20T00:00:00.000,65.19,02:10,-1,FR~7831~ ~~CRL~08/20/2023 09:35~PMI~08/20/2023 11:45~~,FR 7831,2023-08-20T09:35:00.000,2023-08-20T11:45:00.000
Brussels (Charleroi),Mallorca,2023-08-21T00:00:00.000,65.19,02:10,5,FR~7831~ ~~CRL~08/21/2023 08:30~PMI~08/21/2023 10:40~~,FR 7831,2023-08-21T08:30:00.000,2023-08-21T10:40:00.000
Brussels (Charleroi),Mallorca,2023-08-22T00:00:00.000,35.88,02:10,2,FR~7831~ ~~CRL~08/22/2023 06:35~PMI~08/22/2023 08:45~~,FR 7831,2023-08-22T06:35:00.000,2023-08-22T08:45:00.000
Brussels,Mallorca,2023-08-25T00:00:00.000,42.77,02:15,5,FR~2915~ ~~BRU~08/25/2023 11:00~PMI~08/25/2023 13:15~~,FR 2915,2023-08-25T11:00:00.000,2023-08-25T13:15:00.000
Brussels (Charleroi),Mallorca,2023-08-25T00:00:00.000,28.15,02:00,-1,FR~7831~ ~~CRL~08/25/2023 19:00~PMI~08/25/2023 21:00~~,FR 7831,2023-08-25T19:00:00.000,2023-08-25T21:00:00.000
Brussels (Charleroi),Mallorca,2023-08-27T00:00:00.000,27.99,02:10,4,FR~7831~ ~~CRL~08/27/2023 09:35~PMI~08/27/2023 11:45~~,FR 7831,2023-08-27T09:35:00.000,2023-08-27T11:45:00.000
Brussels (Charleroi),Mallorca,2023-08-29T00:00:00.000,27.99,02:10,-1,FR~7831~ ~~CRL~08/29/2023 06:35~PMI~08/29/2023 08:45~~,FR 7831,2023-08-29T06:35:00.000,2023-08-29T08:45:00.000
Brussels,Mallorca,2023-08-30T00:00:00.000,28.59,02:15,-1,FR~2915~ ~~BRU~08/30/2023 17:25~PMI~08/30/2023 19:40~~,FR 2915,2023-08-30T17:25:00.000,2023-08-30T19:40:00.000
Brussels (Charleroi),Mallorca,2023-08-31T00:00:00.000,52.59,02:10,4,FR~7831~ ~~CRL~08/31/2023 16:50~PMI~08/31/2023 19:00~~,FR 7831,2023-08-31T16:50:00.000,2023-08-31T19:00:00.000
Brussels,Mallorca,2023-09-01T00:00:00.000,129.87,02:15,-1,FR~2915~ ~~BRU~09/01/2023 11:00~PMI~09/01/2023 13:15~~,FR 2915,2023-09-01T11:00:00.000,2023-09-01T13:15:00.000
Brussels (Charleroi),Mallorca,2023-09-02T00:00:00.000,94.99,02:10,-1,FR~7831~ ~~CRL~09/02/2023 17:20~PMI~09/02/2023 19:30~~,FR 7831,2023-09-02T17:20:00.000,2023-09-02T19:30:00.000
Brussels,Mallorca,2023-09-06T00:00:00.000,78.99,02:15,-1,FR~2915~ ~~BRU~09/06/2023 17:25~PMI~09/06/2023 19:40~~,FR 2915,2023-09-06T17:25:00.000,2023-09-06T19:40:00.000
Brussels,Mallorca,2023-09-08T00:00:00.000,114.89,02:15,-1,FR~2915~ ~~BRU~09/08/2023 11:00~PMI~09/08/2023 13:15~~,FR 2915,2023-09-08T11:00:00.000,2023-09-08T13:15:00.000
Brussels,Mallorca,2023-09-11T00:00:00.000,67.99,02:15,-1,FR~2915~ ~~BRU~09/11/2023 20:25~PMI~09/11/2023 22:40~~,FR 2915,2023-09-11T20:25:00.000,2023-09-11T22:40:00.000
Brussels,Mallorca,2023-09-13T00:00:00.000,67.99,02:15,4,FR~2915~ ~~BRU~09/13/2023 17:25~PMI~09/13/2023 19:40~~,FR 2915,2023-09-13T17:25:00.000,2023-09-13T19:40:00.000
Brussels (Charleroi),Mallorca,2023-09-13T00:00:00.000,66.49,02:10,-1,FR~7831~ ~~CRL~09/13/2023 06:55~PMI~09/13/2023 09:05~~,FR 7831,2023-09-13T06:55:00.000,2023-09-13T09:05:00.000
Brussels,Mallorca,2023-09-18T00:00:00.000,38.99,02:15,-1,FR~2915~ ~~BRU~09/18/2023 20:25~PMI~09/18/2023 22:40~~,FR 2915,2023-09-18T20:25:00.000,2023-09-18T22:40:00.000
Brussels (Charleroi),Mallorca,2023-09-18T00:00:00.000,57.59,02:10,-1,FR~7831~ ~~CRL~09/18/2023 08:30~PMI~09/18/2023 10:40~~,FR 7831,2023-09-18T08:30:00.000,2023-09-18T10:40:00.000
Brussels (Charleroi),Mallorca,2023-09-19T00:00:00.000,90.99,02:10,-1,FR~7831~ ~~CRL~09/19/2023 06:35~PMI~09/19/2023 08:45~~,FR 7831,2023-09-19T06:35:00.000,2023-09-19T08:45:00.000
Brussels (Charleroi),Mallorca,2023-09-23T00:00:00.000,38.99,02:10,-1,FR~7831~ ~~CRL~09/23/2023 17:20~PMI~09/23/2023 19:30~~,FR 7831,2023-09-23T17:20:00.000,2023-09-23T19:30:00.000
Brussels,Mallorca,2023-09-25T00:00:00.000,28.99,02:15,-1,FR~2915~ ~~BRU~09/25/2023 20:25~PMI~09/25/2023 22:40~~,FR 2915,2023-09-25T20:25:00.000,2023-09-25T22:40:00.000
Brussels (Charleroi),Mallorca,2023-09-25T00:00:00.000,63.68,02:10,-1,FR~7831~ ~~CRL~09/25/2023 08:30~PMI~09/25/2023 10:40~~,FR 7831,2023-09-25T08:30:00.000,2023-09-25T10:40:00.000
Brussels (Charleroi),Mallorca,2023-09-26T00:00:00.000,50.99,02:10,4,FR~7831~ ~~CRL~09/26/2023 06:35~PMI~09/26/2023 08:45~~,FR 7831,2023-09-26T06:35:00.000,2023-09-26T08:45:00.000
Brussels,Mallorca,2023-09-27T00:00:00.000,75.7,02:15,-1,FR~2915~ ~~BRU~09/27/2023 17:25~PMI~09/27/2023 19:40~~,FR 2915,2023-09-27T17:25:00.000,2023-09-27T19:40:00.000
Brussels (Charleroi),Mallorca,2023-09-27T00:00:00.000,58.14,02:10,2,FR~7831~ ~~CRL~09/27/2023 06:55~PMI~09/27/2023 09:05~~,FR 7831,2023-09-27T06:55:00.000,2023-09-27T09:05:00.000
